INSERT INTO RHEKT.TAKITUNIFORMES (FIIDKIT, FCDESCRIPCION, FISEMANASDESCTO) VALUES (1, 'Elektra', 8);
INSERT INTO RHEKT.TAKITUNIFORMES (FIIDKIT, FCDESCRIPCION, FISEMANASDESCTO) VALUES (2, 'Elektra Préstamos', 8);
INSERT INTO RHEKT.TAKITUNIFORMES (FIIDKIT, FCDESCRIPCION, FISEMANASDESCTO) VALUES (3, 'Elektra Motos', 8);
INSERT INTO RHEKT.TAKITUNIFORMES (FIIDKIT, FCDESCRIPCION, FISEMANASDESCTO) VALUES (4, 'Elektra Mercancias', 8);
INSERT INTO RHEKT.TAKITUNIFORMES (FIIDKIT, FCDESCRIPCION, FISEMANASDESCTO) VALUES (5, 'Elektra Ahorro', 8);
INSERT INTO RHEKT.TAKITUNIFORMES (FIIDKIT, FCDESCRIPCION, FISEMANASDESCTO) VALUES (6, 'SyR', 8);
INSERT INTO RHEKT.TAKITUNIFORMES (FIIDKIT, FCDESCRIPCION, FISEMANASDESCTO) VALUES (7, 'SyR Prestamos', 8);
INSERT INTO RHEKT.TAKITUNIFORMES (FIIDKIT, FCDESCRIPCION, FISEMANASDESCTO) VALUES (8, 'SyR Motos', 8);
INSERT INTO RHEKT.TAKITUNIFORMES (FIIDKIT, FCDESCRIPCION, FISEMANASDESCTO) VALUES (9, 'SyR Mercancias', 8);
INSERT INTO RHEKT.TAKITUNIFORMES (FIIDKIT, FCDESCRIPCION, FISEMANASDESCTO) VALUES (10, 'Canales', 8);
INSERT INTO RHEKT.TAKITUNIFORMES (FIIDKIT, FCDESCRIPCION, FISEMANASDESCTO) VALUES (11, 'Elektra Dinero Préstamos', 8);
INSERT INTO RHEKT.TAKITUNIFORMES (FIIDKIT, FCDESCRIPCION, FISEMANASDESCTO) VALUES (12, 'Tneto Préstamos BAZ', 8);
INSERT INTO RHEKT.TAKITUNIFORMES (FIIDKIT, FCDESCRIPCION, FISEMANASDESCTO) VALUES (13, 'Crédito', 8);
INSERT INTO RHEKT.TAKITUNIFORMES (FIIDKIT, FCDESCRIPCION, FISEMANASDESCTO) VALUES (14, 'Remates', 8);
INSERT INTO RHEKT.TAKITUNIFORMES (FIIDKIT, FCDESCRIPCION, FISEMANASDESCTO) VALUES (15, 'Remates Préstamos', 8);
INSERT INTO RHEKT.TAKITUNIFORMES (FIIDKIT, FCDESCRIPCION, FISEMANASDESCTO) VALUES (16, 'Presta Prenda', 8);
INSERT INTO RHEKT.TAKITUNIFORMES (FIIDKIT, FCDESCRIPCION, FISEMANASDESCTO) VALUES (17, 'Elektra Móvil', 8);
INSERT INTO RHEKT.TAKITUNIFORMES (FIIDKIT, FCDESCRIPCION, FISEMANASDESCTO) VALUES (18, 'PCJ', 8);
INSERT INTO RHEKT.TAKITUNIFORMES (FIIDKIT, FCDESCRIPCION, FISEMANASDESCTO) VALUES (19, 'CAS Afore', 8);
INSERT INTO RHEKT.TAKITUNIFORMES (FIIDKIT, FCDESCRIPCION, FISEMANASDESCTO) VALUES (20, 'CAS Captación', 8);
INSERT INTO RHEKT.TAKITUNIFORMES (FIIDKIT, FCDESCRIPCION, FISEMANASDESCTO) VALUES (21, 'Ejecutivo Tra. Crédito', 8);
INSERT INTO RHEKT.TAKITUNIFORMES (FIIDKIT, FCDESCRIPCION, FISEMANASDESCTO) VALUES (22, 'Micronegoio Azteca', 8);
INSERT INTO RHEKT.TAKITUNIFORMES (FIIDKIT, FCDESCRIPCION, FISEMANASDESCTO) VALUES (23, 'Gerente División Financiera', 8);
INSERT INTO RHEKT.TAKITUNIFORMES (FIIDKIT, FCDESCRIPCION, FISEMANASDESCTO) VALUES (24, 'Gerente Empresario Azteca', 8);
INSERT INTO RHEKT.TAKITUNIFORMES (FIIDKIT, FCDESCRIPCION, FISEMANASDESCTO) VALUES (25, 'Centro Comercial Ekt Eje', 8);
INSERT INTO RHEKT.TAKITUNIFORMES (FIIDKIT, FCDESCRIPCION, FISEMANASDESCTO) VALUES (26, 'Centro Comercial SyR Eje', 8);
INSERT INTO RHEKT.TAKITUNIFORMES (FIIDKIT, FCDESCRIPCION, FISEMANASDESCTO) VALUES (27, 'Centro Comercial Ekt Lid', 8);
INSERT INTO RHEKT.TAKITUNIFORMES (FIIDKIT, FCDESCRIPCION, FISEMANASDESCTO) VALUES (28, 'Centro Comercial SyR Lid', 8);
INSERT INTO RHEKT.TASUBKITS (FIIDSUBKIT, FCDESCRIPCION, FICANTIDAD, FNPRECIO) VALUES (1, 'Camisas crédito ML', 4, 200);
INSERT INTO RHEKT.TASUBKITS (FIIDSUBKIT, FCDESCRIPCION, FICANTIDAD, FNPRECIO) VALUES (2, 'Pantalones kaki JCC', 4, 199);
INSERT INTO RHEKT.TASUBKITS (FIIDSUBKIT, FCDESCRIPCION, FICANTIDAD, FNPRECIO) VALUES (3, 'Polos rojas ekt ML', 2, 100);
INSERT INTO RHEKT.TASUBKITS (FIIDSUBKIT, FCDESCRIPCION, FICANTIDAD, FNPRECIO) VALUES (4, 'Polos rojas ekt MC', 2, 100);
INSERT INTO RHEKT.TASUBKITS (FIIDSUBKIT, FCDESCRIPCION, FICANTIDAD, FNPRECIO) VALUES (5, 'Pantalones kaki', 4, 199);
INSERT INTO RHEKT.TASUBKITS (FIIDSUBKIT, FCDESCRIPCION, FICANTIDAD, FNPRECIO) VALUES (6, 'Polos azul SyR ML', 2, 100);
INSERT INTO RHEKT.TASUBKITS (FIIDSUBKIT, FCDESCRIPCION, FICANTIDAD, FNPRECIO) VALUES (7, 'Polos azul SyR MC', 2, 100);
INSERT INTO RHEKT.TASUBKITS (FIIDSUBKIT, FCDESCRIPCION, FICANTIDAD, FNPRECIO) VALUES (8, 'Polos azul rey BDR ML', 2, 100);
INSERT INTO RHEKT.TASUBKITS (FIIDSUBKIT, FCDESCRIPCION, FICANTIDAD, FNPRECIO) VALUES (9, 'Polos azul rey BDR MC', 2, 100);
INSERT INTO RHEKT.TASUBKITS (FIIDSUBKIT, FCDESCRIPCION, FICANTIDAD, FNPRECIO) VALUES (10, 'Pantalones azul PP', 4, 199);
INSERT INTO RHEKT.TASUBKITS (FIIDSUBKIT, FCDESCRIPCION, FICANTIDAD, FNPRECIO) VALUES (11, 'Polos Nuev Can Ejec ML', 2, 100);
INSERT INTO RHEKT.TASUBKITS (FIIDSUBKIT, FCDESCRIPCION, FICANTIDAD, FNPRECIO) VALUES (12, 'Polos Nuev Can Ejec MC', 2, 100);
INSERT INTO RHEKT.TASUBKITS (FIIDSUBKIT, FCDESCRIPCION, FICANTIDAD, FNPRECIO) VALUES (13, 'Pantalones kaki Nuev Can', 4, 199);
INSERT INTO RHEKT.TASUBKITS (FIIDSUBKIT, FCDESCRIPCION, FICANTIDAD, FNPRECIO) VALUES (14, 'Polos EKT Móvil ML', 2, 100);
INSERT INTO RHEKT.TASUBKITS (FIIDSUBKIT, FCDESCRIPCION, FICANTIDAD, FNPRECIO) VALUES (15, 'Polos EKT Móvil MC', 2, 100);
INSERT INTO RHEKT.TASUBKITS (FIIDSUBKIT, FCDESCRIPCION, FICANTIDAD, FNPRECIO) VALUES (16, 'Casacas Motos EKT', 2, 41);
INSERT INTO RHEKT.TASUBKITS (FIIDSUBKIT, FCDESCRIPCION, FICANTIDAD, FNPRECIO) VALUES (17, 'Casacas Ahorro EKT', 2, 41);
INSERT INTO RHEKT.TASUBKITS (FIIDSUBKIT, FCDESCRIPCION, FICANTIDAD, FNPRECIO) VALUES (18, 'Casacas Préstamos EKT', 2, 41);
INSERT INTO RHEKT.TASUBKITS (FIIDSUBKIT, FCDESCRIPCION, FICANTIDAD, FNPRECIO) VALUES (19, 'Casacas Préstamos DEK', 2, 41);
INSERT INTO RHEKT.TASUBKITS (FIIDSUBKIT, FCDESCRIPCION, FICANTIDAD, FNPRECIO) VALUES (20, 'Casacas Merca EKT', 2, 41);
INSERT INTO RHEKT.TASUBKITS (FIIDSUBKIT, FCDESCRIPCION, FICANTIDAD, FNPRECIO) VALUES (21, 'Casacas Motos SyR', 2, 41);
INSERT INTO RHEKT.TASUBKITS (FIIDSUBKIT, FCDESCRIPCION, FICANTIDAD, FNPRECIO) VALUES (22, 'Casacas Préstamos SyR', 2, 41);
INSERT INTO RHEKT.TASUBKITS (FIIDSUBKIT, FCDESCRIPCION, FICANTIDAD, FNPRECIO) VALUES (23, 'Casacas Merca SyR', 2, 41);
INSERT INTO RHEKT.TASUBKITS (FIIDSUBKIT, FCDESCRIPCION, FICANTIDAD, FNPRECIO) VALUES (24, 'Casacas Préstamos BDR', 2, 41);
INSERT INTO RHEKT.TASUBKITS (FIIDSUBKIT, FCDESCRIPCION, FICANTIDAD, FNPRECIO) VALUES (25, 'Casacas Préstamos BAZ', 2, 41);
INSERT INTO RHEKT.TASUBKITS (FIIDSUBKIT, FCDESCRIPCION, FICANTIDAD, FNPRECIO) VALUES (26, 'Camisas azul PCJ ML', 1, 100);
INSERT INTO RHEKT.TASUBKITS (FIIDSUBKIT, FCDESCRIPCION, FICANTIDAD, FNPRECIO) VALUES (27, 'Camisas azul PCJ MC', 1, 100);
INSERT INTO RHEKT.TASUBKITS (FIIDSUBKIT, FCDESCRIPCION, FICANTIDAD, FNPRECIO) VALUES (28, 'Pantalones PCJ', 2, 199);
INSERT INTO RHEKT.TASUBKITS (FIIDSUBKIT, FCDESCRIPCION, FICANTIDAD, FNPRECIO) VALUES (29, 'Polos Afore MC', 4, 200);
INSERT INTO RHEKT.TASUBKITS (FIIDSUBKIT, FCDESCRIPCION, FICANTIDAD, FNPRECIO) VALUES (30, 'Polos captación MC', 4, 200);
INSERT INTO RHEKT.TASUBKITS (FIIDSUBKIT, FCDESCRIPCION, FICANTIDAD, FNPRECIO) VALUES (31, 'Polos CC EKT Eje ML', 2, 100);
INSERT INTO RHEKT.TASUBKITS (FIIDSUBKIT, FCDESCRIPCION, FICANTIDAD, FNPRECIO) VALUES (32, 'Polos CC EKT Eje MC', 2, 100);
INSERT INTO RHEKT.TASUBKITS (FIIDSUBKIT, FCDESCRIPCION, FICANTIDAD, FNPRECIO) VALUES (33, 'Polos CC SyR Eje ML', 2, 100);
INSERT INTO RHEKT.TASUBKITS (FIIDSUBKIT, FCDESCRIPCION, FICANTIDAD, FNPRECIO) VALUES (34, 'Polos CC SyR Eje MC', 2, 100);
INSERT INTO RHEKT.TASUBKITS (FIIDSUBKIT, FCDESCRIPCION, FICANTIDAD, FNPRECIO) VALUES (35, 'Polos CC EKT Lid ML', 2, 100);
INSERT INTO RHEKT.TASUBKITS (FIIDSUBKIT, FCDESCRIPCION, FICANTIDAD, FNPRECIO) VALUES (36, 'Polos CC EKT Lid MC', 2, 100);
INSERT INTO RHEKT.TASUBKITS (FIIDSUBKIT, FCDESCRIPCION, FICANTIDAD, FNPRECIO) VALUES (37, 'Polos CC SyR Lid ML', 2, 100);
INSERT INTO RHEKT.TASUBKITS (FIIDSUBKIT, FCDESCRIPCION, FICANTIDAD, FNPRECIO) VALUES (38, 'Polos CC SyR Lid MC', 2, 100);
INSERT INTO RHEKT.TASUBKITS (FIIDSUBKIT, FCDESCRIPCION, FICANTIDAD, FNPRECIO) VALUES (39, 'Polos Ejec. Tram. Cred. ML', 2, 100);
INSERT INTO RHEKT.TASUBKITS (FIIDSUBKIT, FCDESCRIPCION, FICANTIDAD, FNPRECIO) VALUES (40, 'Polos Ejec. Tram. Cred. MC', 2, 100);
INSERT INTO RHEKT.TASUBKITS (FIIDSUBKIT, FCDESCRIPCION, FICANTIDAD, FNPRECIO) VALUES (41, 'Camisas Presta Prenda ML', 4, 200);
INSERT INTO RHEKT.TASUBKITS (FIIDSUBKIT, FCDESCRIPCION, FICANTIDAD, FNPRECIO) VALUES (42, 'Camisas MAZ ML', 4, 300);
INSERT INTO RHEKT.TASUBKITS (FIIDSUBKIT, FCDESCRIPCION, FICANTIDAD, FNPRECIO) VALUES (43, 'Pantalones MAZ', 4, 220);
INSERT INTO RHEKT.TASUBKITS (FIIDSUBKIT, FCDESCRIPCION, FICANTIDAD, FNPRECIO) VALUES (44, 'Camisas Gerente DF ML', 3, 165);
INSERT INTO RHEKT.TASUBKITS (FIIDSUBKIT, FCDESCRIPCION, FICANTIDAD, FNPRECIO) VALUES (45, 'Camisas Gerente DF MC', 3, 165);
INSERT INTO RHEKT.TASUBKITSXKIT (FIIDKIT, FIIDSUBKIT) VALUES (1, 3);
INSERT INTO RHEKT.TASUBKITSXKIT (FIIDKIT, FIIDSUBKIT) VALUES (1, 4);
INSERT INTO RHEKT.TASUBKITSXKIT (FIIDKIT, FIIDSUBKIT) VALUES (1, 5);
INSERT INTO RHEKT.TASUBKITSXKIT (FIIDKIT, FIIDSUBKIT) VALUES (2, 3);
INSERT INTO RHEKT.TASUBKITSXKIT (FIIDKIT, FIIDSUBKIT) VALUES (2, 4);
INSERT INTO RHEKT.TASUBKITSXKIT (FIIDKIT, FIIDSUBKIT) VALUES (2, 5);
INSERT INTO RHEKT.TASUBKITSXKIT (FIIDKIT, FIIDSUBKIT) VALUES (2, 18);
INSERT INTO RHEKT.TASUBKITSXKIT (FIIDKIT, FIIDSUBKIT) VALUES (3, 3);
INSERT INTO RHEKT.TASUBKITSXKIT (FIIDKIT, FIIDSUBKIT) VALUES (3, 4);
INSERT INTO RHEKT.TASUBKITSXKIT (FIIDKIT, FIIDSUBKIT) VALUES (3, 5);
INSERT INTO RHEKT.TASUBKITSXKIT (FIIDKIT, FIIDSUBKIT) VALUES (3, 16);
INSERT INTO RHEKT.TASUBKITSXKIT (FIIDKIT, FIIDSUBKIT) VALUES (4, 3);
INSERT INTO RHEKT.TASUBKITSXKIT (FIIDKIT, FIIDSUBKIT) VALUES (4, 4);
INSERT INTO RHEKT.TASUBKITSXKIT (FIIDKIT, FIIDSUBKIT) VALUES (4, 5);
INSERT INTO RHEKT.TASUBKITSXKIT (FIIDKIT, FIIDSUBKIT) VALUES (4, 20);
INSERT INTO RHEKT.TASUBKITSXKIT (FIIDKIT, FIIDSUBKIT) VALUES (5, 3);
INSERT INTO RHEKT.TASUBKITSXKIT (FIIDKIT, FIIDSUBKIT) VALUES (5, 4);
INSERT INTO RHEKT.TASUBKITSXKIT (FIIDKIT, FIIDSUBKIT) VALUES (5, 5);
INSERT INTO RHEKT.TASUBKITSXKIT (FIIDKIT, FIIDSUBKIT) VALUES (5, 17);
INSERT INTO RHEKT.TASUBKITSXKIT (FIIDKIT, FIIDSUBKIT) VALUES (6, 5);
INSERT INTO RHEKT.TASUBKITSXKIT (FIIDKIT, FIIDSUBKIT) VALUES (6, 6);
INSERT INTO RHEKT.TASUBKITSXKIT (FIIDKIT, FIIDSUBKIT) VALUES (6, 7);
INSERT INTO RHEKT.TASUBKITSXKIT (FIIDKIT, FIIDSUBKIT) VALUES (7, 5);
INSERT INTO RHEKT.TASUBKITSXKIT (FIIDKIT, FIIDSUBKIT) VALUES (7, 6);
INSERT INTO RHEKT.TASUBKITSXKIT (FIIDKIT, FIIDSUBKIT) VALUES (7, 7);
INSERT INTO RHEKT.TASUBKITSXKIT (FIIDKIT, FIIDSUBKIT) VALUES (7, 22);
INSERT INTO RHEKT.TASUBKITSXKIT (FIIDKIT, FIIDSUBKIT) VALUES (8, 5);
INSERT INTO RHEKT.TASUBKITSXKIT (FIIDKIT, FIIDSUBKIT) VALUES (8, 6);
INSERT INTO RHEKT.TASUBKITSXKIT (FIIDKIT, FIIDSUBKIT) VALUES (8, 7);
INSERT INTO RHEKT.TASUBKITSXKIT (FIIDKIT, FIIDSUBKIT) VALUES (8, 21);
INSERT INTO RHEKT.TASUBKITSXKIT (FIIDKIT, FIIDSUBKIT) VALUES (9, 5);
INSERT INTO RHEKT.TASUBKITSXKIT (FIIDKIT, FIIDSUBKIT) VALUES (9, 6);
INSERT INTO RHEKT.TASUBKITSXKIT (FIIDKIT, FIIDSUBKIT) VALUES (9, 7);
INSERT INTO RHEKT.TASUBKITSXKIT (FIIDKIT, FIIDSUBKIT) VALUES (9, 23);
INSERT INTO RHEKT.TASUBKITSXKIT (FIIDKIT, FIIDSUBKIT) VALUES (10, 11);
INSERT INTO RHEKT.TASUBKITSXKIT (FIIDKIT, FIIDSUBKIT) VALUES (10, 12);
INSERT INTO RHEKT.TASUBKITSXKIT (FIIDKIT, FIIDSUBKIT) VALUES (10, 13);
INSERT INTO RHEKT.TASUBKITSXKIT (FIIDKIT, FIIDSUBKIT) VALUES (11, 3);
INSERT INTO RHEKT.TASUBKITSXKIT (FIIDKIT, FIIDSUBKIT) VALUES (11, 4);
INSERT INTO RHEKT.TASUBKITSXKIT (FIIDKIT, FIIDSUBKIT) VALUES (11, 5);
INSERT INTO RHEKT.TASUBKITSXKIT (FIIDKIT, FIIDSUBKIT) VALUES (11, 19);
INSERT INTO RHEKT.TASUBKITSXKIT (FIIDKIT, FIIDSUBKIT) VALUES (12, 3);
INSERT INTO RHEKT.TASUBKITSXKIT (FIIDKIT, FIIDSUBKIT) VALUES (12, 4);
INSERT INTO RHEKT.TASUBKITSXKIT (FIIDKIT, FIIDSUBKIT) VALUES (12, 5);
INSERT INTO RHEKT.TASUBKITSXKIT (FIIDKIT, FIIDSUBKIT) VALUES (12, 25);
INSERT INTO RHEKT.TASUBKITSXKIT (FIIDKIT, FIIDSUBKIT) VALUES (13, 1);
INSERT INTO RHEKT.TASUBKITSXKIT (FIIDKIT, FIIDSUBKIT) VALUES (13, 2);
INSERT INTO RHEKT.TASUBKITSXKIT (FIIDKIT, FIIDSUBKIT) VALUES (14, 5);
INSERT INTO RHEKT.TASUBKITSXKIT (FIIDKIT, FIIDSUBKIT) VALUES (14, 8);
INSERT INTO RHEKT.TASUBKITSXKIT (FIIDKIT, FIIDSUBKIT) VALUES (14, 9);
INSERT INTO RHEKT.TASUBKITSXKIT (FIIDKIT, FIIDSUBKIT) VALUES (15, 5);
INSERT INTO RHEKT.TASUBKITSXKIT (FIIDKIT, FIIDSUBKIT) VALUES (15, 8);
INSERT INTO RHEKT.TASUBKITSXKIT (FIIDKIT, FIIDSUBKIT) VALUES (15, 9);
INSERT INTO RHEKT.TASUBKITSXKIT (FIIDKIT, FIIDSUBKIT) VALUES (15, 24);
INSERT INTO RHEKT.TASUBKITSXKIT (FIIDKIT, FIIDSUBKIT) VALUES (16, 10);
INSERT INTO RHEKT.TASUBKITSXKIT (FIIDKIT, FIIDSUBKIT) VALUES (16, 41);
INSERT INTO RHEKT.TASUBKITSXKIT (FIIDKIT, FIIDSUBKIT) VALUES (16, 5);
INSERT INTO RHEKT.TASUBKITSXKIT (FIIDKIT, FIIDSUBKIT) VALUES (17, 14);
INSERT INTO RHEKT.TASUBKITSXKIT (FIIDKIT, FIIDSUBKIT) VALUES (17, 15);
INSERT INTO RHEKT.TASUBKITSXKIT (FIIDKIT, FIIDSUBKIT) VALUES (18, 26);
INSERT INTO RHEKT.TASUBKITSXKIT (FIIDKIT, FIIDSUBKIT) VALUES (18, 27);
INSERT INTO RHEKT.TASUBKITSXKIT (FIIDKIT, FIIDSUBKIT) VALUES (18, 28);
INSERT INTO RHEKT.TASUBKITSXKIT (FIIDKIT, FIIDSUBKIT) VALUES (19, 5);
INSERT INTO RHEKT.TASUBKITSXKIT (FIIDKIT, FIIDSUBKIT) VALUES (19, 29);
INSERT INTO RHEKT.TASUBKITSXKIT (FIIDKIT, FIIDSUBKIT) VALUES (20, 5);
INSERT INTO RHEKT.TASUBKITSXKIT (FIIDKIT, FIIDSUBKIT) VALUES (20, 30);
INSERT INTO RHEKT.TASUBKITSXKIT (FIIDKIT, FIIDSUBKIT) VALUES (21, 13);
INSERT INTO RHEKT.TASUBKITSXKIT (FIIDKIT, FIIDSUBKIT) VALUES (21, 39);
INSERT INTO RHEKT.TASUBKITSXKIT (FIIDKIT, FIIDSUBKIT) VALUES (21, 40);
INSERT INTO RHEKT.TASUBKITSXKIT (FIIDKIT, FIIDSUBKIT) VALUES (22, 42);
INSERT INTO RHEKT.TASUBKITSXKIT (FIIDKIT, FIIDSUBKIT) VALUES (22, 43);
INSERT INTO RHEKT.TASUBKITSXKIT (FIIDKIT, FIIDSUBKIT) VALUES (23, 5);
INSERT INTO RHEKT.TASUBKITSXKIT (FIIDKIT, FIIDSUBKIT) VALUES (23, 44);
INSERT INTO RHEKT.TASUBKITSXKIT (FIIDKIT, FIIDSUBKIT) VALUES (23, 45);
INSERT INTO RHEKT.TASUBKITSXKIT (FIIDKIT, FIIDSUBKIT) VALUES (24, 13);
INSERT INTO RHEKT.TASUBKITSXKIT (FIIDKIT, FIIDSUBKIT) VALUES (24, 44);
INSERT INTO RHEKT.TASUBKITSXKIT (FIIDKIT, FIIDSUBKIT) VALUES (24, 45);
INSERT INTO RHEKT.TASUBKITSXKIT (FIIDKIT, FIIDSUBKIT) VALUES (25, 5);
INSERT INTO RHEKT.TASUBKITSXKIT (FIIDKIT, FIIDSUBKIT) VALUES (25, 31);
INSERT INTO RHEKT.TASUBKITSXKIT (FIIDKIT, FIIDSUBKIT) VALUES (25, 32);
INSERT INTO RHEKT.TASUBKITSXKIT (FIIDKIT, FIIDSUBKIT) VALUES (26, 5);
INSERT INTO RHEKT.TASUBKITSXKIT (FIIDKIT, FIIDSUBKIT) VALUES (26, 33);
INSERT INTO RHEKT.TASUBKITSXKIT (FIIDKIT, FIIDSUBKIT) VALUES (26, 34);
INSERT INTO RHEKT.TASUBKITSXKIT (FIIDKIT, FIIDSUBKIT) VALUES (27, 5);
INSERT INTO RHEKT.TASUBKITSXKIT (FIIDKIT, FIIDSUBKIT) VALUES (27, 35);
INSERT INTO RHEKT.TASUBKITSXKIT (FIIDKIT, FIIDSUBKIT) VALUES (27, 36);
INSERT INTO RHEKT.TASUBKITSXKIT (FIIDKIT, FIIDSUBKIT) VALUES (28, 5);
INSERT INTO RHEKT.TASUBKITSXKIT (FIIDKIT, FIIDSUBKIT) VALUES (28, 37);
INSERT INTO RHEKT.TASUBKITSXKIT (FIIDKIT, FIIDSUBKIT) VALUES (28, 38);
INSERT INTO RHEKT.TASKUSXSUBKIT (FIIDSUBKIT, FISKU) VALUES (1, 510689);
INSERT INTO RHEKT.TASKUSXSUBKIT (FIIDSUBKIT, FISKU) VALUES (1, 510690);
INSERT INTO RHEKT.TASKUSXSUBKIT (FIIDSUBKIT, FISKU) VALUES (1, 510691);
INSERT INTO RHEKT.TASKUSXSUBKIT (FIIDSUBKIT, FISKU) VALUES (1, 510692);
INSERT INTO RHEKT.TASKUSXSUBKIT (FIIDSUBKIT, FISKU) VALUES (1, 510693);
INSERT INTO RHEKT.TASKUSXSUBKIT (FIIDSUBKIT, FISKU) VALUES (1, 510694);
INSERT INTO RHEKT.TASKUSXSUBKIT (FIIDSUBKIT, FISKU) VALUES (1, 510695);
INSERT INTO RHEKT.TASKUSXSUBKIT (FIIDSUBKIT, FISKU) VALUES (1, 510696);
INSERT INTO RHEKT.TASKUSXSUBKIT (FIIDSUBKIT, FISKU) VALUES (1, 510697);
INSERT INTO RHEKT.TASKUSXSUBKIT (FIIDSUBKIT, FISKU) VALUES (1, 510698);
INSERT INTO RHEKT.TASKUSXSUBKIT (FIIDSUBKIT, FISKU) VALUES (1, 1002723);
INSERT INTO RHEKT.TASKUSXSUBKIT (FIIDSUBKIT, FISKU) VALUES (1, 1002714);
INSERT INTO RHEKT.TASKUSXSUBKIT (FIIDSUBKIT, FISKU) VALUES (1, 1002703);
INSERT INTO RHEKT.TASKUSXSUBKIT (FIIDSUBKIT, FISKU) VALUES (1, 1002732);
INSERT INTO RHEKT.TASKUSXSUBKIT (FIIDSUBKIT, FISKU) VALUES (2, 510700);
INSERT INTO RHEKT.TASKUSXSUBKIT (FIIDSUBKIT, FISKU) VALUES (2, 510701);
INSERT INTO RHEKT.TASKUSXSUBKIT (FIIDSUBKIT, FISKU) VALUES (2, 510702);
INSERT INTO RHEKT.TASKUSXSUBKIT (FIIDSUBKIT, FISKU) VALUES (2, 510703);
INSERT INTO RHEKT.TASKUSXSUBKIT (FIIDSUBKIT, FISKU) VALUES (2, 510704);
INSERT INTO RHEKT.TASKUSXSUBKIT (FIIDSUBKIT, FISKU) VALUES (2, 510706);
INSERT INTO RHEKT.TASKUSXSUBKIT (FIIDSUBKIT, FISKU) VALUES (2, 510707);
INSERT INTO RHEKT.TASKUSXSUBKIT (FIIDSUBKIT, FISKU) VALUES (2, 510708);
INSERT INTO RHEKT.TASKUSXSUBKIT (FIIDSUBKIT, FISKU) VALUES (2, 510709);
INSERT INTO RHEKT.TASKUSXSUBKIT (FIIDSUBKIT, FISKU) VALUES (2, 510710);
INSERT INTO RHEKT.TASKUSXSUBKIT (FIIDSUBKIT, FISKU) VALUES (2, 510711);
INSERT INTO RHEKT.TASKUSXSUBKIT (FIIDSUBKIT, FISKU) VALUES (2, 510712);
INSERT INTO RHEKT.TASKUSXSUBKIT (FIIDSUBKIT, FISKU) VALUES (2, 510713);
INSERT INTO RHEKT.TASKUSXSUBKIT (FIIDSUBKIT, FISKU) VALUES (2, 510714);
INSERT INTO RHEKT.TASKUSXSUBKIT (FIIDSUBKIT, FISKU) VALUES (2, 510715);
INSERT INTO RHEKT.TASKUSXSUBKIT (FIIDSUBKIT, FISKU) VALUES (2, 510716);
INSERT INTO RHEKT.TASKUSXSUBKIT (FIIDSUBKIT, FISKU) VALUES (2, 510717);
INSERT INTO RHEKT.TASKUSXSUBKIT (FIIDSUBKIT, FISKU) VALUES (2, 510718);
INSERT INTO RHEKT.TASKUSXSUBKIT (FIIDSUBKIT, FISKU) VALUES (2, 512270);
INSERT INTO RHEKT.TASKUSXSUBKIT (FIIDSUBKIT, FISKU) VALUES (2, 512278);
INSERT INTO RHEKT.TASKUSXSUBKIT (FIIDSUBKIT, FISKU) VALUES (3, 510820);
INSERT INTO RHEKT.TASKUSXSUBKIT (FIIDSUBKIT, FISKU) VALUES (3, 510821);
INSERT INTO RHEKT.TASKUSXSUBKIT (FIIDSUBKIT, FISKU) VALUES (3, 510828);
INSERT INTO RHEKT.TASKUSXSUBKIT (FIIDSUBKIT, FISKU) VALUES (3, 510829);
INSERT INTO RHEKT.TASKUSXSUBKIT (FIIDSUBKIT, FISKU) VALUES (4, 510810);
INSERT INTO RHEKT.TASKUSXSUBKIT (FIIDSUBKIT, FISKU) VALUES (4, 510811);
INSERT INTO RHEKT.TASKUSXSUBKIT (FIIDSUBKIT, FISKU) VALUES (4, 510815);
INSERT INTO RHEKT.TASKUSXSUBKIT (FIIDSUBKIT, FISKU) VALUES (4, 510816);
INSERT INTO RHEKT.TASKUSXSUBKIT (FIIDSUBKIT, FISKU) VALUES (5, 511409);
INSERT INTO RHEKT.TASKUSXSUBKIT (FIIDSUBKIT, FISKU) VALUES (5, 511410);
INSERT INTO RHEKT.TASKUSXSUBKIT (FIIDSUBKIT, FISKU) VALUES (5, 511412);
INSERT INTO RHEKT.TASKUSXSUBKIT (FIIDSUBKIT, FISKU) VALUES (5, 511414);
INSERT INTO RHEKT.TASKUSXSUBKIT (FIIDSUBKIT, FISKU) VALUES (5, 510877);
INSERT INTO RHEKT.TASKUSXSUBKIT (FIIDSUBKIT, FISKU) VALUES (5, 511388);
INSERT INTO RHEKT.TASKUSXSUBKIT (FIIDSUBKIT, FISKU) VALUES (5, 510884);
INSERT INTO RHEKT.TASKUSXSUBKIT (FIIDSUBKIT, FISKU) VALUES (5, 511438);
INSERT INTO RHEKT.TASKUSXSUBKIT (FIIDSUBKIT, FISKU) VALUES (5, 510886);
INSERT INTO RHEKT.TASKUSXSUBKIT (FIIDSUBKIT, FISKU) VALUES (5, 510887);
INSERT INTO RHEKT.TASKUSXSUBKIT (FIIDSUBKIT, FISKU) VALUES (5, 510888);
INSERT INTO RHEKT.TASKUSXSUBKIT (FIIDSUBKIT, FISKU) VALUES (5, 510889);
INSERT INTO RHEKT.TASKUSXSUBKIT (FIIDSUBKIT, FISKU) VALUES (5, 510890);
INSERT INTO RHEKT.TASKUSXSUBKIT (FIIDSUBKIT, FISKU) VALUES (5, 511405);
INSERT INTO RHEKT.TASKUSXSUBKIT (FIIDSUBKIT, FISKU) VALUES (5, 511407);
INSERT INTO RHEKT.TASKUSXSUBKIT (FIIDSUBKIT, FISKU) VALUES (5, 510898);
INSERT INTO RHEKT.TASKUSXSUBKIT (FIIDSUBKIT, FISKU) VALUES (5, 510899);
INSERT INTO RHEKT.TASKUSXSUBKIT (FIIDSUBKIT, FISKU) VALUES (5, 511385);
INSERT INTO RHEKT.TASKUSXSUBKIT (FIIDSUBKIT, FISKU) VALUES (5, 511036);
INSERT INTO RHEKT.TASKUSXSUBKIT (FIIDSUBKIT, FISKU) VALUES (5, 511387);
INSERT INTO RHEKT.TASKUSXSUBKIT (FIIDSUBKIT, FISKU) VALUES (6, 510966);
INSERT INTO RHEKT.TASKUSXSUBKIT (FIIDSUBKIT, FISKU) VALUES (6, 511110);
INSERT INTO RHEKT.TASKUSXSUBKIT (FIIDSUBKIT, FISKU) VALUES (6, 511111);
INSERT INTO RHEKT.TASKUSXSUBKIT (FIIDSUBKIT, FISKU) VALUES (6, 511112);
INSERT INTO RHEKT.TASKUSXSUBKIT (FIIDSUBKIT, FISKU) VALUES (6, 511117);
INSERT INTO RHEKT.TASKUSXSUBKIT (FIIDSUBKIT, FISKU) VALUES (6, 511118);
INSERT INTO RHEKT.TASKUSXSUBKIT (FIIDSUBKIT, FISKU) VALUES (6, 511124);
INSERT INTO RHEKT.TASKUSXSUBKIT (FIIDSUBKIT, FISKU) VALUES (6, 511125);
INSERT INTO RHEKT.TASKUSXSUBKIT (FIIDSUBKIT, FISKU) VALUES (6, 511126);
INSERT INTO RHEKT.TASKUSXSUBKIT (FIIDSUBKIT, FISKU) VALUES (6, 511127);
INSERT INTO RHEKT.TASKUSXSUBKIT (FIIDSUBKIT, FISKU) VALUES (7, 511113);
INSERT INTO RHEKT.TASKUSXSUBKIT (FIIDSUBKIT, FISKU) VALUES (7, 511114);
INSERT INTO RHEKT.TASKUSXSUBKIT (FIIDSUBKIT, FISKU) VALUES (7, 511115);
INSERT INTO RHEKT.TASKUSXSUBKIT (FIIDSUBKIT, FISKU) VALUES (7, 511116);
INSERT INTO RHEKT.TASKUSXSUBKIT (FIIDSUBKIT, FISKU) VALUES (7, 511119);
INSERT INTO RHEKT.TASKUSXSUBKIT (FIIDSUBKIT, FISKU) VALUES (7, 511120);
INSERT INTO RHEKT.TASKUSXSUBKIT (FIIDSUBKIT, FISKU) VALUES (7, 511121);
INSERT INTO RHEKT.TASKUSXSUBKIT (FIIDSUBKIT, FISKU) VALUES (7, 511122);
INSERT INTO RHEKT.TASKUSXSUBKIT (FIIDSUBKIT, FISKU) VALUES (7, 511123);
INSERT INTO RHEKT.TASKUSXSUBKIT (FIIDSUBKIT, FISKU) VALUES (7, 511150);
INSERT INTO RHEKT.TASKUSXSUBKIT (FIIDSUBKIT, FISKU) VALUES (8, 511128);
INSERT INTO RHEKT.TASKUSXSUBKIT (FIIDSUBKIT, FISKU) VALUES (8, 511133);
INSERT INTO RHEKT.TASKUSXSUBKIT (FIIDSUBKIT, FISKU) VALUES (8, 511134);
INSERT INTO RHEKT.TASKUSXSUBKIT (FIIDSUBKIT, FISKU) VALUES (8, 511135);
INSERT INTO RHEKT.TASKUSXSUBKIT (FIIDSUBKIT, FISKU) VALUES (8, 511136);
INSERT INTO RHEKT.TASKUSXSUBKIT (FIIDSUBKIT, FISKU) VALUES (8, 511137);
INSERT INTO RHEKT.TASKUSXSUBKIT (FIIDSUBKIT, FISKU) VALUES (8, 511138);
INSERT INTO RHEKT.TASKUSXSUBKIT (FIIDSUBKIT, FISKU) VALUES (8, 511139);
INSERT INTO RHEKT.TASKUSXSUBKIT (FIIDSUBKIT, FISKU) VALUES (8, 511140);
INSERT INTO RHEKT.TASKUSXSUBKIT (FIIDSUBKIT, FISKU) VALUES (8, 511146);
INSERT INTO RHEKT.TASKUSXSUBKIT (FIIDSUBKIT, FISKU) VALUES (9, 511129);
INSERT INTO RHEKT.TASKUSXSUBKIT (FIIDSUBKIT, FISKU) VALUES (9, 511130);
INSERT INTO RHEKT.TASKUSXSUBKIT (FIIDSUBKIT, FISKU) VALUES (9, 511131);
INSERT INTO RHEKT.TASKUSXSUBKIT (FIIDSUBKIT, FISKU) VALUES (9, 511132);
INSERT INTO RHEKT.TASKUSXSUBKIT (FIIDSUBKIT, FISKU) VALUES (9, 511141);
INSERT INTO RHEKT.TASKUSXSUBKIT (FIIDSUBKIT, FISKU) VALUES (9, 511142);
INSERT INTO RHEKT.TASKUSXSUBKIT (FIIDSUBKIT, FISKU) VALUES (9, 511143);
INSERT INTO RHEKT.TASKUSXSUBKIT (FIIDSUBKIT, FISKU) VALUES (9, 511144);
INSERT INTO RHEKT.TASKUSXSUBKIT (FIIDSUBKIT, FISKU) VALUES (9, 511145);
INSERT INTO RHEKT.TASKUSXSUBKIT (FIIDSUBKIT, FISKU) VALUES (9, 511149);
INSERT INTO RHEKT.TASKUSXSUBKIT (FIIDSUBKIT, FISKU) VALUES (10, 511160);
INSERT INTO RHEKT.TASKUSXSUBKIT (FIIDSUBKIT, FISKU) VALUES (10, 511161);
INSERT INTO RHEKT.TASKUSXSUBKIT (FIIDSUBKIT, FISKU) VALUES (10, 511162);
INSERT INTO RHEKT.TASKUSXSUBKIT (FIIDSUBKIT, FISKU) VALUES (10, 511163);
INSERT INTO RHEKT.TASKUSXSUBKIT (FIIDSUBKIT, FISKU) VALUES (10, 511164);
INSERT INTO RHEKT.TASKUSXSUBKIT (FIIDSUBKIT, FISKU) VALUES (10, 511165);
INSERT INTO RHEKT.TASKUSXSUBKIT (FIIDSUBKIT, FISKU) VALUES (10, 511166);
INSERT INTO RHEKT.TASKUSXSUBKIT (FIIDSUBKIT, FISKU) VALUES (10, 511168);
INSERT INTO RHEKT.TASKUSXSUBKIT (FIIDSUBKIT, FISKU) VALUES (10, 511169);
INSERT INTO RHEKT.TASKUSXSUBKIT (FIIDSUBKIT, FISKU) VALUES (10, 511170);
INSERT INTO RHEKT.TASKUSXSUBKIT (FIIDSUBKIT, FISKU) VALUES (10, 511171);
INSERT INTO RHEKT.TASKUSXSUBKIT (FIIDSUBKIT, FISKU) VALUES (10, 511172);
INSERT INTO RHEKT.TASKUSXSUBKIT (FIIDSUBKIT, FISKU) VALUES (10, 511173);
INSERT INTO RHEKT.TASKUSXSUBKIT (FIIDSUBKIT, FISKU) VALUES (10, 511174);
INSERT INTO RHEKT.TASKUSXSUBKIT (FIIDSUBKIT, FISKU) VALUES (11, 511282);
INSERT INTO RHEKT.TASKUSXSUBKIT (FIIDSUBKIT, FISKU) VALUES (11, 511285);
INSERT INTO RHEKT.TASKUSXSUBKIT (FIIDSUBKIT, FISKU) VALUES (11, 511288);
INSERT INTO RHEKT.TASKUSXSUBKIT (FIIDSUBKIT, FISKU) VALUES (11, 511291);
INSERT INTO RHEKT.TASKUSXSUBKIT (FIIDSUBKIT, FISKU) VALUES (11, 511294);
INSERT INTO RHEKT.TASKUSXSUBKIT (FIIDSUBKIT, FISKU) VALUES (11, 511303);
INSERT INTO RHEKT.TASKUSXSUBKIT (FIIDSUBKIT, FISKU) VALUES (11, 511306);
INSERT INTO RHEKT.TASKUSXSUBKIT (FIIDSUBKIT, FISKU) VALUES (11, 511309);
INSERT INTO RHEKT.TASKUSXSUBKIT (FIIDSUBKIT, FISKU) VALUES (11, 511312);
INSERT INTO RHEKT.TASKUSXSUBKIT (FIIDSUBKIT, FISKU) VALUES (11, 511315);
INSERT INTO RHEKT.TASKUSXSUBKIT (FIIDSUBKIT, FISKU) VALUES (11, 1002712);
INSERT INTO RHEKT.TASKUSXSUBKIT (FIIDSUBKIT, FISKU) VALUES (11, 1002721);
INSERT INTO RHEKT.TASKUSXSUBKIT (FIIDSUBKIT, FISKU) VALUES (11, 1002731);
INSERT INTO RHEKT.TASKUSXSUBKIT (FIIDSUBKIT, FISKU) VALUES (11, 1002722);
INSERT INTO RHEKT.TASKUSXSUBKIT (FIIDSUBKIT, FISKU) VALUES (12, 511353);
INSERT INTO RHEKT.TASKUSXSUBKIT (FIIDSUBKIT, FISKU) VALUES (12, 511355);
INSERT INTO RHEKT.TASKUSXSUBKIT (FIIDSUBKIT, FISKU) VALUES (12, 511357);
INSERT INTO RHEKT.TASKUSXSUBKIT (FIIDSUBKIT, FISKU) VALUES (12, 511359);
INSERT INTO RHEKT.TASKUSXSUBKIT (FIIDSUBKIT, FISKU) VALUES (12, 511361);
INSERT INTO RHEKT.TASKUSXSUBKIT (FIIDSUBKIT, FISKU) VALUES (12, 511367);
INSERT INTO RHEKT.TASKUSXSUBKIT (FIIDSUBKIT, FISKU) VALUES (12, 511369);
INSERT INTO RHEKT.TASKUSXSUBKIT (FIIDSUBKIT, FISKU) VALUES (12, 511417);
INSERT INTO RHEKT.TASKUSXSUBKIT (FIIDSUBKIT, FISKU) VALUES (12, 511419);
INSERT INTO RHEKT.TASKUSXSUBKIT (FIIDSUBKIT, FISKU) VALUES (12, 511421);
INSERT INTO RHEKT.TASKUSXSUBKIT (FIIDSUBKIT, FISKU) VALUES (12, 1002701);
INSERT INTO RHEKT.TASKUSXSUBKIT (FIIDSUBKIT, FISKU) VALUES (12, 1002711);
INSERT INTO RHEKT.TASKUSXSUBKIT (FIIDSUBKIT, FISKU) VALUES (12, 1002702);
INSERT INTO RHEKT.TASKUSXSUBKIT (FIIDSUBKIT, FISKU) VALUES (12, 1002713);
INSERT INTO RHEKT.TASKUSXSUBKIT (FIIDSUBKIT, FISKU) VALUES (13, 511379);
INSERT INTO RHEKT.TASKUSXSUBKIT (FIIDSUBKIT, FISKU) VALUES (13, 511381);
INSERT INTO RHEKT.TASKUSXSUBKIT (FIIDSUBKIT, FISKU) VALUES (13, 511383);
INSERT INTO RHEKT.TASKUSXSUBKIT (FIIDSUBKIT, FISKU) VALUES (13, 511385);
INSERT INTO RHEKT.TASKUSXSUBKIT (FIIDSUBKIT, FISKU) VALUES (13, 511387);
INSERT INTO RHEKT.TASKUSXSUBKIT (FIIDSUBKIT, FISKU) VALUES (13, 511388);
INSERT INTO RHEKT.TASKUSXSUBKIT (FIIDSUBKIT, FISKU) VALUES (13, 511390);
INSERT INTO RHEKT.TASKUSXSUBKIT (FIIDSUBKIT, FISKU) VALUES (13, 511394);
INSERT INTO RHEKT.TASKUSXSUBKIT (FIIDSUBKIT, FISKU) VALUES (13, 511396);
INSERT INTO RHEKT.TASKUSXSUBKIT (FIIDSUBKIT, FISKU) VALUES (13, 511398);
INSERT INTO RHEKT.TASKUSXSUBKIT (FIIDSUBKIT, FISKU) VALUES (13, 511401);
INSERT INTO RHEKT.TASKUSXSUBKIT (FIIDSUBKIT, FISKU) VALUES (13, 511403);
INSERT INTO RHEKT.TASKUSXSUBKIT (FIIDSUBKIT, FISKU) VALUES (13, 511405);
INSERT INTO RHEKT.TASKUSXSUBKIT (FIIDSUBKIT, FISKU) VALUES (13, 511407);
INSERT INTO RHEKT.TASKUSXSUBKIT (FIIDSUBKIT, FISKU) VALUES (13, 511409);
INSERT INTO RHEKT.TASKUSXSUBKIT (FIIDSUBKIT, FISKU) VALUES (13, 511410);
INSERT INTO RHEKT.TASKUSXSUBKIT (FIIDSUBKIT, FISKU) VALUES (13, 511412);
INSERT INTO RHEKT.TASKUSXSUBKIT (FIIDSUBKIT, FISKU) VALUES (13, 511414);
INSERT INTO RHEKT.TASKUSXSUBKIT (FIIDSUBKIT, FISKU) VALUES (13, 511416);
INSERT INTO RHEKT.TASKUSXSUBKIT (FIIDSUBKIT, FISKU) VALUES (13, 511438);
INSERT INTO RHEKT.TASKUSXSUBKIT (FIIDSUBKIT, FISKU) VALUES (14, 512446);
INSERT INTO RHEKT.TASKUSXSUBKIT (FIIDSUBKIT, FISKU) VALUES (14, 512447);
INSERT INTO RHEKT.TASKUSXSUBKIT (FIIDSUBKIT, FISKU) VALUES (14, 512448);
INSERT INTO RHEKT.TASKUSXSUBKIT (FIIDSUBKIT, FISKU) VALUES (14, 512449);
INSERT INTO RHEKT.TASKUSXSUBKIT (FIIDSUBKIT, FISKU) VALUES (14, 512450);
INSERT INTO RHEKT.TASKUSXSUBKIT (FIIDSUBKIT, FISKU) VALUES (14, 512451);
INSERT INTO RHEKT.TASKUSXSUBKIT (FIIDSUBKIT, FISKU) VALUES (14, 512452);
INSERT INTO RHEKT.TASKUSXSUBKIT (FIIDSUBKIT, FISKU) VALUES (14, 512464);
INSERT INTO RHEKT.TASKUSXSUBKIT (FIIDSUBKIT, FISKU) VALUES (14, 512465);
INSERT INTO RHEKT.TASKUSXSUBKIT (FIIDSUBKIT, FISKU) VALUES (14, 512466);
INSERT INTO RHEKT.TASKUSXSUBKIT (FIIDSUBKIT, FISKU) VALUES (15, 512454);
INSERT INTO RHEKT.TASKUSXSUBKIT (FIIDSUBKIT, FISKU) VALUES (15, 512455);
INSERT INTO RHEKT.TASKUSXSUBKIT (FIIDSUBKIT, FISKU) VALUES (15, 512456);
INSERT INTO RHEKT.TASKUSXSUBKIT (FIIDSUBKIT, FISKU) VALUES (15, 512457);
INSERT INTO RHEKT.TASKUSXSUBKIT (FIIDSUBKIT, FISKU) VALUES (15, 512458);
INSERT INTO RHEKT.TASKUSXSUBKIT (FIIDSUBKIT, FISKU) VALUES (15, 512459);
INSERT INTO RHEKT.TASKUSXSUBKIT (FIIDSUBKIT, FISKU) VALUES (15, 512460);
INSERT INTO RHEKT.TASKUSXSUBKIT (FIIDSUBKIT, FISKU) VALUES (15, 512461);
INSERT INTO RHEKT.TASKUSXSUBKIT (FIIDSUBKIT, FISKU) VALUES (15, 512462);
INSERT INTO RHEKT.TASKUSXSUBKIT (FIIDSUBKIT, FISKU) VALUES (15, 512463);
INSERT INTO RHEKT.TASKUSXSUBKIT (FIIDSUBKIT, FISKU) VALUES (16, 512406);
INSERT INTO RHEKT.TASKUSXSUBKIT (FIIDSUBKIT, FISKU) VALUES (16, 512407);
INSERT INTO RHEKT.TASKUSXSUBKIT (FIIDSUBKIT, FISKU) VALUES (16, 512408);
INSERT INTO RHEKT.TASKUSXSUBKIT (FIIDSUBKIT, FISKU) VALUES (16, 512409);
INSERT INTO RHEKT.TASKUSXSUBKIT (FIIDSUBKIT, FISKU) VALUES (17, 512411);
INSERT INTO RHEKT.TASKUSXSUBKIT (FIIDSUBKIT, FISKU) VALUES (17, 512412);
INSERT INTO RHEKT.TASKUSXSUBKIT (FIIDSUBKIT, FISKU) VALUES (17, 512413);
INSERT INTO RHEKT.TASKUSXSUBKIT (FIIDSUBKIT, FISKU) VALUES (17, 512414);
INSERT INTO RHEKT.TASKUSXSUBKIT (FIIDSUBKIT, FISKU) VALUES (18, 512404);
INSERT INTO RHEKT.TASKUSXSUBKIT (FIIDSUBKIT, FISKU) VALUES (18, 512403);
INSERT INTO RHEKT.TASKUSXSUBKIT (FIIDSUBKIT, FISKU) VALUES (18, 512402);
INSERT INTO RHEKT.TASKUSXSUBKIT (FIIDSUBKIT, FISKU) VALUES (18, 512401);
INSERT INTO RHEKT.TASKUSXSUBKIT (FIIDSUBKIT, FISKU) VALUES (19, 512445);
INSERT INTO RHEKT.TASKUSXSUBKIT (FIIDSUBKIT, FISKU) VALUES (19, 512444);
INSERT INTO RHEKT.TASKUSXSUBKIT (FIIDSUBKIT, FISKU) VALUES (19, 512443);
INSERT INTO RHEKT.TASKUSXSUBKIT (FIIDSUBKIT, FISKU) VALUES (19, 512442);
INSERT INTO RHEKT.TASKUSXSUBKIT (FIIDSUBKIT, FISKU) VALUES (20, 512518);
INSERT INTO RHEKT.TASKUSXSUBKIT (FIIDSUBKIT, FISKU) VALUES (20, 512517);
INSERT INTO RHEKT.TASKUSXSUBKIT (FIIDSUBKIT, FISKU) VALUES (20, 512516);
INSERT INTO RHEKT.TASKUSXSUBKIT (FIIDSUBKIT, FISKU) VALUES (20, 512515);
INSERT INTO RHEKT.TASKUSXSUBKIT (FIIDSUBKIT, FISKU) VALUES (21, 512510);
INSERT INTO RHEKT.TASKUSXSUBKIT (FIIDSUBKIT, FISKU) VALUES (21, 512509);
INSERT INTO RHEKT.TASKUSXSUBKIT (FIIDSUBKIT, FISKU) VALUES (21, 512508);
INSERT INTO RHEKT.TASKUSXSUBKIT (FIIDSUBKIT, FISKU) VALUES (21, 512507);
INSERT INTO RHEKT.TASKUSXSUBKIT (FIIDSUBKIT, FISKU) VALUES (22, 512506);
INSERT INTO RHEKT.TASKUSXSUBKIT (FIIDSUBKIT, FISKU) VALUES (22, 512505);
INSERT INTO RHEKT.TASKUSXSUBKIT (FIIDSUBKIT, FISKU) VALUES (22, 512504);
INSERT INTO RHEKT.TASKUSXSUBKIT (FIIDSUBKIT, FISKU) VALUES (22, 512503);
INSERT INTO RHEKT.TASKUSXSUBKIT (FIIDSUBKIT, FISKU) VALUES (23, 512502);
INSERT INTO RHEKT.TASKUSXSUBKIT (FIIDSUBKIT, FISKU) VALUES (23, 512501);
INSERT INTO RHEKT.TASKUSXSUBKIT (FIIDSUBKIT, FISKU) VALUES (23, 512500);
INSERT INTO RHEKT.TASKUSXSUBKIT (FIIDSUBKIT, FISKU) VALUES (23, 512499);
INSERT INTO RHEKT.TASKUSXSUBKIT (FIIDSUBKIT, FISKU) VALUES (24, 512498);
INSERT INTO RHEKT.TASKUSXSUBKIT (FIIDSUBKIT, FISKU) VALUES (24, 512497);
INSERT INTO RHEKT.TASKUSXSUBKIT (FIIDSUBKIT, FISKU) VALUES (24, 512529);
INSERT INTO RHEKT.TASKUSXSUBKIT (FIIDSUBKIT, FISKU) VALUES (24, 512528);
INSERT INTO RHEKT.TASKUSXSUBKIT (FIIDSUBKIT, FISKU) VALUES (25, 512523);
INSERT INTO RHEKT.TASKUSXSUBKIT (FIIDSUBKIT, FISKU) VALUES (25, 512522);
INSERT INTO RHEKT.TASKUSXSUBKIT (FIIDSUBKIT, FISKU) VALUES (25, 512521);
INSERT INTO RHEKT.TASKUSXSUBKIT (FIIDSUBKIT, FISKU) VALUES (25, 512519);
INSERT INTO RHEKT.TASKUSXSUBKIT (FIIDSUBKIT, FISKU) VALUES (26, 510793);
INSERT INTO RHEKT.TASKUSXSUBKIT (FIIDSUBKIT, FISKU) VALUES (26, 510792);
INSERT INTO RHEKT.TASKUSXSUBKIT (FIIDSUBKIT, FISKU) VALUES (26, 510791);
INSERT INTO RHEKT.TASKUSXSUBKIT (FIIDSUBKIT, FISKU) VALUES (26, 510790);
INSERT INTO RHEKT.TASKUSXSUBKIT (FIIDSUBKIT, FISKU) VALUES (26, 510789);
INSERT INTO RHEKT.TASKUSXSUBKIT (FIIDSUBKIT, FISKU) VALUES (26, 510765);
INSERT INTO RHEKT.TASKUSXSUBKIT (FIIDSUBKIT, FISKU) VALUES (26, 510764);
INSERT INTO RHEKT.TASKUSXSUBKIT (FIIDSUBKIT, FISKU) VALUES (26, 510763);
INSERT INTO RHEKT.TASKUSXSUBKIT (FIIDSUBKIT, FISKU) VALUES (26, 510796);
INSERT INTO RHEKT.TASKUSXSUBKIT (FIIDSUBKIT, FISKU) VALUES (26, 510795);
INSERT INTO RHEKT.TASKUSXSUBKIT (FIIDSUBKIT, FISKU) VALUES (26, 1002692);
INSERT INTO RHEKT.TASKUSXSUBKIT (FIIDSUBKIT, FISKU) VALUES (26, 1002734);
INSERT INTO RHEKT.TASKUSXSUBKIT (FIIDSUBKIT, FISKU) VALUES (26, 1002715);
INSERT INTO RHEKT.TASKUSXSUBKIT (FIIDSUBKIT, FISKU) VALUES (26, 1002716);
INSERT INTO RHEKT.TASKUSXSUBKIT (FIIDSUBKIT, FISKU) VALUES (27, 512242);
INSERT INTO RHEKT.TASKUSXSUBKIT (FIIDSUBKIT, FISKU) VALUES (27, 512241);
INSERT INTO RHEKT.TASKUSXSUBKIT (FIIDSUBKIT, FISKU) VALUES (27, 512240);
INSERT INTO RHEKT.TASKUSXSUBKIT (FIIDSUBKIT, FISKU) VALUES (27, 512239);
INSERT INTO RHEKT.TASKUSXSUBKIT (FIIDSUBKIT, FISKU) VALUES (27, 512249);
INSERT INTO RHEKT.TASKUSXSUBKIT (FIIDSUBKIT, FISKU) VALUES (27, 512248);
INSERT INTO RHEKT.TASKUSXSUBKIT (FIIDSUBKIT, FISKU) VALUES (27, 512247);
INSERT INTO RHEKT.TASKUSXSUBKIT (FIIDSUBKIT, FISKU) VALUES (27, 512246);
INSERT INTO RHEKT.TASKUSXSUBKIT (FIIDSUBKIT, FISKU) VALUES (27, 512238);
INSERT INTO RHEKT.TASKUSXSUBKIT (FIIDSUBKIT, FISKU) VALUES (27, 512245);
INSERT INTO RHEKT.TASKUSXSUBKIT (FIIDSUBKIT, FISKU) VALUES (27, 1002733);
INSERT INTO RHEKT.TASKUSXSUBKIT (FIIDSUBKIT, FISKU) VALUES (27, 1002704);
INSERT INTO RHEKT.TASKUSXSUBKIT (FIIDSUBKIT, FISKU) VALUES (27, 1002705);
INSERT INTO RHEKT.TASKUSXSUBKIT (FIIDSUBKIT, FISKU) VALUES (27, 1002735);
INSERT INTO RHEKT.TASKUSXSUBKIT (FIIDSUBKIT, FISKU) VALUES (28, 510778);
INSERT INTO RHEKT.TASKUSXSUBKIT (FIIDSUBKIT, FISKU) VALUES (28, 510777);
INSERT INTO RHEKT.TASKUSXSUBKIT (FIIDSUBKIT, FISKU) VALUES (28, 510776);
INSERT INTO RHEKT.TASKUSXSUBKIT (FIIDSUBKIT, FISKU) VALUES (28, 510775);
INSERT INTO RHEKT.TASKUSXSUBKIT (FIIDSUBKIT, FISKU) VALUES (28, 510774);
INSERT INTO RHEKT.TASKUSXSUBKIT (FIIDSUBKIT, FISKU) VALUES (28, 510773);
INSERT INTO RHEKT.TASKUSXSUBKIT (FIIDSUBKIT, FISKU) VALUES (28, 510772);
INSERT INTO RHEKT.TASKUSXSUBKIT (FIIDSUBKIT, FISKU) VALUES (28, 510771);
INSERT INTO RHEKT.TASKUSXSUBKIT (FIIDSUBKIT, FISKU) VALUES (28, 510770);
INSERT INTO RHEKT.TASKUSXSUBKIT (FIIDSUBKIT, FISKU) VALUES (28, 510787);
INSERT INTO RHEKT.TASKUSXSUBKIT (FIIDSUBKIT, FISKU) VALUES (28, 510786);
INSERT INTO RHEKT.TASKUSXSUBKIT (FIIDSUBKIT, FISKU) VALUES (28, 510785);
INSERT INTO RHEKT.TASKUSXSUBKIT (FIIDSUBKIT, FISKU) VALUES (28, 510784);
INSERT INTO RHEKT.TASKUSXSUBKIT (FIIDSUBKIT, FISKU) VALUES (28, 510783);
INSERT INTO RHEKT.TASKUSXSUBKIT (FIIDSUBKIT, FISKU) VALUES (28, 510782);
INSERT INTO RHEKT.TASKUSXSUBKIT (FIIDSUBKIT, FISKU) VALUES (28, 510781);
INSERT INTO RHEKT.TASKUSXSUBKIT (FIIDSUBKIT, FISKU) VALUES (28, 510780);
INSERT INTO RHEKT.TASKUSXSUBKIT (FIIDSUBKIT, FISKU) VALUES (28, 510779);
INSERT INTO RHEKT.TASKUSXSUBKIT (FIIDSUBKIT, FISKU) VALUES (28, 512251);
INSERT INTO RHEKT.TASKUSXSUBKIT (FIIDSUBKIT, FISKU) VALUES (28, 512252);
INSERT INTO RHEKT.TASKUSXSUBKIT (FIIDSUBKIT, FISKU) VALUES (29, 1001885);
INSERT INTO RHEKT.TASKUSXSUBKIT (FIIDSUBKIT, FISKU) VALUES (29, 1001886);
INSERT INTO RHEKT.TASKUSXSUBKIT (FIIDSUBKIT, FISKU) VALUES (29, 1001858);
INSERT INTO RHEKT.TASKUSXSUBKIT (FIIDSUBKIT, FISKU) VALUES (29, 1001903);
INSERT INTO RHEKT.TASKUSXSUBKIT (FIIDSUBKIT, FISKU) VALUES (29, 1001867);
INSERT INTO RHEKT.TASKUSXSUBKIT (FIIDSUBKIT, FISKU) VALUES (29, 1001895);
INSERT INTO RHEKT.TASKUSXSUBKIT (FIIDSUBKIT, FISKU) VALUES (29, 1001868);
INSERT INTO RHEKT.TASKUSXSUBKIT (FIIDSUBKIT, FISKU) VALUES (29, 1001855);
INSERT INTO RHEKT.TASKUSXSUBKIT (FIIDSUBKIT, FISKU) VALUES (30, 1001883);
INSERT INTO RHEKT.TASKUSXSUBKIT (FIIDSUBKIT, FISKU) VALUES (30, 1001891);
INSERT INTO RHEKT.TASKUSXSUBKIT (FIIDSUBKIT, FISKU) VALUES (30, 1001892);
INSERT INTO RHEKT.TASKUSXSUBKIT (FIIDSUBKIT, FISKU) VALUES (30, 1001893);
INSERT INTO RHEKT.TASKUSXSUBKIT (FIIDSUBKIT, FISKU) VALUES (30, 1001884);
INSERT INTO RHEKT.TASKUSXSUBKIT (FIIDSUBKIT, FISKU) VALUES (30, 1001875);
INSERT INTO RHEKT.TASKUSXSUBKIT (FIIDSUBKIT, FISKU) VALUES (30, 1001853);
INSERT INTO RHEKT.TASKUSXSUBKIT (FIIDSUBKIT, FISKU) VALUES (30, 1001850);
INSERT INTO RHEKT.TASKUSXSUBKIT (FIIDSUBKIT, FISKU) VALUES (30, 1001862);
INSERT INTO RHEKT.TASKUSXSUBKIT (FIIDSUBKIT, FISKU) VALUES (30, 1001863);
INSERT INTO RHEKT.TASKUSXSUBKIT (FIIDSUBKIT, FISKU) VALUES (31, 1001814);
INSERT INTO RHEKT.TASKUSXSUBKIT (FIIDSUBKIT, FISKU) VALUES (31, 1001815);
INSERT INTO RHEKT.TASKUSXSUBKIT (FIIDSUBKIT, FISKU) VALUES (31, 1001835);
INSERT INTO RHEKT.TASKUSXSUBKIT (FIIDSUBKIT, FISKU) VALUES (31, 1001823);
INSERT INTO RHEKT.TASKUSXSUBKIT (FIIDSUBKIT, FISKU) VALUES (31, 1001842);
INSERT INTO RHEKT.TASKUSXSUBKIT (FIIDSUBKIT, FISKU) VALUES (31, 1001844);
INSERT INTO RHEKT.TASKUSXSUBKIT (FIIDSUBKIT, FISKU) VALUES (31, 1001838);
INSERT INTO RHEKT.TASKUSXSUBKIT (FIIDSUBKIT, FISKU) VALUES (31, 1001825);
INSERT INTO RHEKT.TASKUSXSUBKIT (FIIDSUBKIT, FISKU) VALUES (31, 1001817);
INSERT INTO RHEKT.TASKUSXSUBKIT (FIIDSUBKIT, FISKU) VALUES (31, 1001845);
INSERT INTO RHEKT.TASKUSXSUBKIT (FIIDSUBKIT, FISKU) VALUES (32, 1001832);
INSERT INTO RHEKT.TASKUSXSUBKIT (FIIDSUBKIT, FISKU) VALUES (32, 1001833);
INSERT INTO RHEKT.TASKUSXSUBKIT (FIIDSUBKIT, FISKU) VALUES (32, 1001813);
INSERT INTO RHEKT.TASKUSXSUBKIT (FIIDSUBKIT, FISKU) VALUES (32, 1001834);
INSERT INTO RHEKT.TASKUSXSUBKIT (FIIDSUBKIT, FISKU) VALUES (32, 1001841);
INSERT INTO RHEKT.TASKUSXSUBKIT (FIIDSUBKIT, FISKU) VALUES (32, 1001843);
INSERT INTO RHEKT.TASKUSXSUBKIT (FIIDSUBKIT, FISKU) VALUES (32, 1001816);
INSERT INTO RHEKT.TASKUSXSUBKIT (FIIDSUBKIT, FISKU) VALUES (32, 1001836);
INSERT INTO RHEKT.TASKUSXSUBKIT (FIIDSUBKIT, FISKU) VALUES (32, 1001824);
INSERT INTO RHEKT.TASKUSXSUBKIT (FIIDSUBKIT, FISKU) VALUES (32, 1001837);
INSERT INTO RHEKT.TASKUSXSUBKIT (FIIDSUBKIT, FISKU) VALUES (33, 1001847);
INSERT INTO RHEKT.TASKUSXSUBKIT (FIIDSUBKIT, FISKU) VALUES (33, 1001840);
INSERT INTO RHEKT.TASKUSXSUBKIT (FIIDSUBKIT, FISKU) VALUES (33, 1001819);
INSERT INTO RHEKT.TASKUSXSUBKIT (FIIDSUBKIT, FISKU) VALUES (33, 1001851);
INSERT INTO RHEKT.TASKUSXSUBKIT (FIIDSUBKIT, FISKU) VALUES (33, 1001828);
INSERT INTO RHEKT.TASKUSXSUBKIT (FIIDSUBKIT, FISKU) VALUES (33, 1001830);
INSERT INTO RHEKT.TASKUSXSUBKIT (FIIDSUBKIT, FISKU) VALUES (33, 1001871);
INSERT INTO RHEKT.TASKUSXSUBKIT (FIIDSUBKIT, FISKU) VALUES (33, 1001872);
INSERT INTO RHEKT.TASKUSXSUBKIT (FIIDSUBKIT, FISKU) VALUES (33, 1001849);
INSERT INTO RHEKT.TASKUSXSUBKIT (FIIDSUBKIT, FISKU) VALUES (33, 1001873);
INSERT INTO RHEKT.TASKUSXSUBKIT (FIIDSUBKIT, FISKU) VALUES (34, 1001846);
INSERT INTO RHEKT.TASKUSXSUBKIT (FIIDSUBKIT, FISKU) VALUES (34, 1001839);
INSERT INTO RHEKT.TASKUSXSUBKIT (FIIDSUBKIT, FISKU) VALUES (34, 1001826);
INSERT INTO RHEKT.TASKUSXSUBKIT (FIIDSUBKIT, FISKU) VALUES (34, 1001827);
INSERT INTO RHEKT.TASKUSXSUBKIT (FIIDSUBKIT, FISKU) VALUES (34, 1001818);
INSERT INTO RHEKT.TASKUSXSUBKIT (FIIDSUBKIT, FISKU) VALUES (34, 1001820);
INSERT INTO RHEKT.TASKUSXSUBKIT (FIIDSUBKIT, FISKU) VALUES (34, 1001848);
INSERT INTO RHEKT.TASKUSXSUBKIT (FIIDSUBKIT, FISKU) VALUES (34, 1001852);
INSERT INTO RHEKT.TASKUSXSUBKIT (FIIDSUBKIT, FISKU) VALUES (34, 1001861);
INSERT INTO RHEKT.TASKUSXSUBKIT (FIIDSUBKIT, FISKU) VALUES (34, 1001829);
INSERT INTO RHEKT.TASKUSXSUBKIT (FIIDSUBKIT, FISKU) VALUES (35, 1001929);
INSERT INTO RHEKT.TASKUSXSUBKIT (FIIDSUBKIT, FISKU) VALUES (35, 1001936);
INSERT INTO RHEKT.TASKUSXSUBKIT (FIIDSUBKIT, FISKU) VALUES (35, 1001956);
INSERT INTO RHEKT.TASKUSXSUBKIT (FIIDSUBKIT, FISKU) VALUES (35, 1001957);
INSERT INTO RHEKT.TASKUSXSUBKIT (FIIDSUBKIT, FISKU) VALUES (35, 1001958);
INSERT INTO RHEKT.TASKUSXSUBKIT (FIIDSUBKIT, FISKU) VALUES (35, 1001991);
INSERT INTO RHEKT.TASKUSXSUBKIT (FIIDSUBKIT, FISKU) VALUES (35, 1001992);
INSERT INTO RHEKT.TASKUSXSUBKIT (FIIDSUBKIT, FISKU) VALUES (35, 1001967);
INSERT INTO RHEKT.TASKUSXSUBKIT (FIIDSUBKIT, FISKU) VALUES (35, 1001968);
INSERT INTO RHEKT.TASKUSXSUBKIT (FIIDSUBKIT, FISKU) VALUES (35, 1001982);
INSERT INTO RHEKT.TASKUSXSUBKIT (FIIDSUBKIT, FISKU) VALUES (36, 1001953);
INSERT INTO RHEKT.TASKUSXSUBKIT (FIIDSUBKIT, FISKU) VALUES (36, 1001954);
INSERT INTO RHEKT.TASKUSXSUBKIT (FIIDSUBKIT, FISKU) VALUES (36, 1001955);
INSERT INTO RHEKT.TASKUSXSUBKIT (FIIDSUBKIT, FISKU) VALUES (36, 1001971);
INSERT INTO RHEKT.TASKUSXSUBKIT (FIIDSUBKIT, FISKU) VALUES (36, 1001935);
INSERT INTO RHEKT.TASKUSXSUBKIT (FIIDSUBKIT, FISKU) VALUES (36, 1001937);
INSERT INTO RHEKT.TASKUSXSUBKIT (FIIDSUBKIT, FISKU) VALUES (36, 1001930);
INSERT INTO RHEKT.TASKUSXSUBKIT (FIIDSUBKIT, FISKU) VALUES (36, 1001959);
INSERT INTO RHEKT.TASKUSXSUBKIT (FIIDSUBKIT, FISKU) VALUES (36, 1001981);
INSERT INTO RHEKT.TASKUSXSUBKIT (FIIDSUBKIT, FISKU) VALUES (36, 1001960);
INSERT INTO RHEKT.TASKUSXSUBKIT (FIIDSUBKIT, FISKU) VALUES (37, 1001993);
INSERT INTO RHEKT.TASKUSXSUBKIT (FIIDSUBKIT, FISKU) VALUES (37, 1001986);
INSERT INTO RHEKT.TASKUSXSUBKIT (FIIDSUBKIT, FISKU) VALUES (37, 1001987);
INSERT INTO RHEKT.TASKUSXSUBKIT (FIIDSUBKIT, FISKU) VALUES (37, 1001988);
INSERT INTO RHEKT.TASKUSXSUBKIT (FIIDSUBKIT, FISKU) VALUES (37, 1001970);
INSERT INTO RHEKT.TASKUSXSUBKIT (FIIDSUBKIT, FISKU) VALUES (37, 1001995);
INSERT INTO RHEKT.TASKUSXSUBKIT (FIIDSUBKIT, FISKU) VALUES (37, 1001973);
INSERT INTO RHEKT.TASKUSXSUBKIT (FIIDSUBKIT, FISKU) VALUES (37, 1001940);
INSERT INTO RHEKT.TASKUSXSUBKIT (FIIDSUBKIT, FISKU) VALUES (37, 1001996);
INSERT INTO RHEKT.TASKUSXSUBKIT (FIIDSUBKIT, FISKU) VALUES (37, 1001974);
INSERT INTO RHEKT.TASKUSXSUBKIT (FIIDSUBKIT, FISKU) VALUES (38, 1001938);
INSERT INTO RHEKT.TASKUSXSUBKIT (FIIDSUBKIT, FISKU) VALUES (38, 1001983);
INSERT INTO RHEKT.TASKUSXSUBKIT (FIIDSUBKIT, FISKU) VALUES (38, 1001984);
INSERT INTO RHEKT.TASKUSXSUBKIT (FIIDSUBKIT, FISKU) VALUES (38, 1001985);
INSERT INTO RHEKT.TASKUSXSUBKIT (FIIDSUBKIT, FISKU) VALUES (38, 1001969);
INSERT INTO RHEKT.TASKUSXSUBKIT (FIIDSUBKIT, FISKU) VALUES (38, 1001939);
INSERT INTO RHEKT.TASKUSXSUBKIT (FIIDSUBKIT, FISKU) VALUES (38, 1001994);
INSERT INTO RHEKT.TASKUSXSUBKIT (FIIDSUBKIT, FISKU) VALUES (38, 1001989);
INSERT INTO RHEKT.TASKUSXSUBKIT (FIIDSUBKIT, FISKU) VALUES (38, 1001972);
INSERT INTO RHEKT.TASKUSXSUBKIT (FIIDSUBKIT, FISKU) VALUES (38, 1002001);
INSERT INTO RHEKT.TASKUSXSUBKIT (FIIDSUBKIT, FISKU) VALUES (39, 1002002);
INSERT INTO RHEKT.TASKUSXSUBKIT (FIIDSUBKIT, FISKU) VALUES (39, 1001784);
INSERT INTO RHEKT.TASKUSXSUBKIT (FIIDSUBKIT, FISKU) VALUES (39, 1001765);
INSERT INTO RHEKT.TASKUSXSUBKIT (FIIDSUBKIT, FISKU) VALUES (39, 1001772);
INSERT INTO RHEKT.TASKUSXSUBKIT (FIIDSUBKIT, FISKU) VALUES (39, 1001785);
INSERT INTO RHEKT.TASKUSXSUBKIT (FIIDSUBKIT, FISKU) VALUES (39, 1001786);
INSERT INTO RHEKT.TASKUSXSUBKIT (FIIDSUBKIT, FISKU) VALUES (39, 1001766);
INSERT INTO RHEKT.TASKUSXSUBKIT (FIIDSUBKIT, FISKU) VALUES (39, 1001787);
INSERT INTO RHEKT.TASKUSXSUBKIT (FIIDSUBKIT, FISKU) VALUES (39, 1001758);
INSERT INTO RHEKT.TASKUSXSUBKIT (FIIDSUBKIT, FISKU) VALUES (39, 1001788);
INSERT INTO RHEKT.TASKUSXSUBKIT (FIIDSUBKIT, FISKU) VALUES (40, 1001773);
INSERT INTO RHEKT.TASKUSXSUBKIT (FIIDSUBKIT, FISKU) VALUES (40, 1001792);
INSERT INTO RHEKT.TASKUSXSUBKIT (FIIDSUBKIT, FISKU) VALUES (40, 1001759);
INSERT INTO RHEKT.TASKUSXSUBKIT (FIIDSUBKIT, FISKU) VALUES (40, 1001774);
INSERT INTO RHEKT.TASKUSXSUBKIT (FIIDSUBKIT, FISKU) VALUES (40, 1001767);
INSERT INTO RHEKT.TASKUSXSUBKIT (FIIDSUBKIT, FISKU) VALUES (40, 1001760);
INSERT INTO RHEKT.TASKUSXSUBKIT (FIIDSUBKIT, FISKU) VALUES (40, 1001789);
INSERT INTO RHEKT.TASKUSXSUBKIT (FIIDSUBKIT, FISKU) VALUES (40, 1001790);
INSERT INTO RHEKT.TASKUSXSUBKIT (FIIDSUBKIT, FISKU) VALUES (40, 1001793);
INSERT INTO RHEKT.TASKUSXSUBKIT (FIIDSUBKIT, FISKU) VALUES (40, 1001801);
INSERT INTO RHEKT.TASKUSXSUBKIT (FIIDSUBKIT, FISKU) VALUES (41, 1002183);
INSERT INTO RHEKT.TASKUSXSUBKIT (FIIDSUBKIT, FISKU) VALUES (41, 1002175);
INSERT INTO RHEKT.TASKUSXSUBKIT (FIIDSUBKIT, FISKU) VALUES (41, 1002192);
INSERT INTO RHEKT.TASKUSXSUBKIT (FIIDSUBKIT, FISKU) VALUES (41, 1002176);
INSERT INTO RHEKT.TASKUSXSUBKIT (FIIDSUBKIT, FISKU) VALUES (41, 1002177);
INSERT INTO RHEKT.TASKUSXSUBKIT (FIIDSUBKIT, FISKU) VALUES (41, 1002181);
INSERT INTO RHEKT.TASKUSXSUBKIT (FIIDSUBKIT, FISKU) VALUES (41, 1002149);
INSERT INTO RHEKT.TASKUSXSUBKIT (FIIDSUBKIT, FISKU) VALUES (41, 1002150);
INSERT INTO RHEKT.TASKUSXSUBKIT (FIIDSUBKIT, FISKU) VALUES (41, 1002182);
INSERT INTO RHEKT.TASKUSXSUBKIT (FIIDSUBKIT, FISKU) VALUES (41, 1002191);
INSERT INTO RHEKT.TASKUSXSUBKIT (FIIDSUBKIT, FISKU) VALUES (42, 1002396);
INSERT INTO RHEKT.TASKUSXSUBKIT (FIIDSUBKIT, FISKU) VALUES (42, 1002425);
INSERT INTO RHEKT.TASKUSXSUBKIT (FIIDSUBKIT, FISKU) VALUES (42, 1002416);
INSERT INTO RHEKT.TASKUSXSUBKIT (FIIDSUBKIT, FISKU) VALUES (42, 1002417);
INSERT INTO RHEKT.TASKUSXSUBKIT (FIIDSUBKIT, FISKU) VALUES (42, 1002418);
INSERT INTO RHEKT.TASKUSXSUBKIT (FIIDSUBKIT, FISKU) VALUES (42, 1002386);
INSERT INTO RHEKT.TASKUSXSUBKIT (FIIDSUBKIT, FISKU) VALUES (42, 1002408);
INSERT INTO RHEKT.TASKUSXSUBKIT (FIIDSUBKIT, FISKU) VALUES (42, 1002387);
INSERT INTO RHEKT.TASKUSXSUBKIT (FIIDSUBKIT, FISKU) VALUES (42, 1002397);
INSERT INTO RHEKT.TASKUSXSUBKIT (FIIDSUBKIT, FISKU) VALUES (42, 1002426);
INSERT INTO RHEKT.TASKUSXSUBKIT (FIIDSUBKIT, FISKU) VALUES (43, 1002398);
INSERT INTO RHEKT.TASKUSXSUBKIT (FIIDSUBKIT, FISKU) VALUES (43, 1002409);
INSERT INTO RHEKT.TASKUSXSUBKIT (FIIDSUBKIT, FISKU) VALUES (43, 1002388);
INSERT INTO RHEKT.TASKUSXSUBKIT (FIIDSUBKIT, FISKU) VALUES (43, 1002410);
INSERT INTO RHEKT.TASKUSXSUBKIT (FIIDSUBKIT, FISKU) VALUES (43, 1002399);
INSERT INTO RHEKT.TASKUSXSUBKIT (FIIDSUBKIT, FISKU) VALUES (43, 1002427);
INSERT INTO RHEKT.TASKUSXSUBKIT (FIIDSUBKIT, FISKU) VALUES (43, 1002419);
INSERT INTO RHEKT.TASKUSXSUBKIT (FIIDSUBKIT, FISKU) VALUES (43, 1002431);
INSERT INTO RHEKT.TASKUSXSUBKIT (FIIDSUBKIT, FISKU) VALUES (43, 1002432);
INSERT INTO RHEKT.TASKUSXSUBKIT (FIIDSUBKIT, FISKU) VALUES (43, 1002433);
INSERT INTO RHEKT.TASKUSXSUBKIT (FIIDSUBKIT, FISKU) VALUES (43, 1002389);
INSERT INTO RHEKT.TASKUSXSUBKIT (FIIDSUBKIT, FISKU) VALUES (43, 1002400);
INSERT INTO RHEKT.TASKUSXSUBKIT (FIIDSUBKIT, FISKU) VALUES (43, 1002420);
INSERT INTO RHEKT.TASKUSXSUBKIT (FIIDSUBKIT, FISKU) VALUES (43, 1002441);
INSERT INTO RHEKT.TASKUSXSUBKIT (FIIDSUBKIT, FISKU) VALUES (43, 1002442);
INSERT INTO RHEKT.TASKUSXSUBKIT (FIIDSUBKIT, FISKU) VALUES (43, 1002428);
INSERT INTO RHEKT.TASKUSXSUBKIT (FIIDSUBKIT, FISKU) VALUES (43, 1002443);
INSERT INTO RHEKT.TASKUSXSUBKIT (FIIDSUBKIT, FISKU) VALUES (43, 1002434);
INSERT INTO RHEKT.TASKUSXSUBKIT (FIIDSUBKIT, FISKU) VALUES (43, 1002390);
INSERT INTO RHEKT.TASKUSXSUBKIT (FIIDSUBKIT, FISKU) VALUES (43, 1002451);
INSERT INTO RHEKT.TASKUSXSUBKIT (FIIDSUBKIT, FISKU) VALUES (44, 1002100);
INSERT INTO RHEKT.TASKUSXSUBKIT (FIIDSUBKIT, FISKU) VALUES (44, 1002129);
INSERT INTO RHEKT.TASKUSXSUBKIT (FIIDSUBKIT, FISKU) VALUES (44, 1002141);
INSERT INTO RHEKT.TASKUSXSUBKIT (FIIDSUBKIT, FISKU) VALUES (44, 1002104);
INSERT INTO RHEKT.TASKUSXSUBKIT (FIIDSUBKIT, FISKU) VALUES (44, 1002139);
INSERT INTO RHEKT.TASKUSXSUBKIT (FIIDSUBKIT, FISKU) VALUES (44, 1002151);
INSERT INTO RHEKT.TASKUSXSUBKIT (FIIDSUBKIT, FISKU) VALUES (44, 1002152);
INSERT INTO RHEKT.TASKUSXSUBKIT (FIIDSUBKIT, FISKU) VALUES (44, 1002140);
INSERT INTO RHEKT.TASKUSXSUBKIT (FIIDSUBKIT, FISKU) VALUES (44, 1002161);
INSERT INTO RHEKT.TASKUSXSUBKIT (FIIDSUBKIT, FISKU) VALUES (44, 1002119);
INSERT INTO RHEKT.TASKUSXSUBKIT (FIIDSUBKIT, FISKU) VALUES (45, 1002138);
INSERT INTO RHEKT.TASKUSXSUBKIT (FIIDSUBKIT, FISKU) VALUES (45, 1002116);
INSERT INTO RHEKT.TASKUSXSUBKIT (FIIDSUBKIT, FISKU) VALUES (45, 1002117);
INSERT INTO RHEKT.TASKUSXSUBKIT (FIIDSUBKIT, FISKU) VALUES (45, 1002099);
INSERT INTO RHEKT.TASKUSXSUBKIT (FIIDSUBKIT, FISKU) VALUES (45, 1002118);
INSERT INTO RHEKT.TASKUSXSUBKIT (FIIDSUBKIT, FISKU) VALUES (45, 1002142);
INSERT INTO RHEKT.TASKUSXSUBKIT (FIIDSUBKIT, FISKU) VALUES (45, 1002105);
INSERT INTO RHEKT.TASKUSXSUBKIT (FIIDSUBKIT, FISKU) VALUES (45, 1002130);
INSERT INTO RHEKT.TASKUSXSUBKIT (FIIDSUBKIT, FISKU) VALUES (45, 1002106);
INSERT INTO RHEKT.TASKUSXSUBKIT (FIIDSUBKIT, FISKU) VALUES (45, 1002143);
INSERT INTO RHEKT.TAFUNCIONESXNEGOCIO (FIPARCIAL, FINEGOCIO, FIIDFUNCION, FIIDKIT) VALUES (0, 1, 75, 1);
INSERT INTO RHEKT.TAFUNCIONESXNEGOCIO (FIPARCIAL, FINEGOCIO, FIIDFUNCION, FIIDKIT) VALUES (0, 1, 625, 1);
INSERT INTO RHEKT.TAFUNCIONESXNEGOCIO (FIPARCIAL, FINEGOCIO, FIIDFUNCION, FIIDKIT) VALUES (0, 1, 1125, 1);
INSERT INTO RHEKT.TAFUNCIONESXNEGOCIO (FIPARCIAL, FINEGOCIO, FIIDFUNCION, FIIDKIT) VALUES (0, 1, 1305, 1);
INSERT INTO RHEKT.TAFUNCIONESXNEGOCIO (FIPARCIAL, FINEGOCIO, FIIDFUNCION, FIIDKIT) VALUES (0, 1, 1315, 1);
INSERT INTO RHEKT.TAFUNCIONESXNEGOCIO (FIPARCIAL, FINEGOCIO, FIIDFUNCION, FIIDKIT) VALUES (0, 1, 1336, 1);
INSERT INTO RHEKT.TAFUNCIONESXNEGOCIO (FIPARCIAL, FINEGOCIO, FIIDFUNCION, FIIDKIT) VALUES (0, 1, 1347, 1);
INSERT INTO RHEKT.TAFUNCIONESXNEGOCIO (FIPARCIAL, FINEGOCIO, FIIDFUNCION, FIIDKIT) VALUES (0, 1, 1374, 1);
INSERT INTO RHEKT.TAFUNCIONESXNEGOCIO (FIPARCIAL, FINEGOCIO, FIIDFUNCION, FIIDKIT) VALUES (0, 1, 1375, 1);
INSERT INTO RHEKT.TAFUNCIONESXNEGOCIO (FIPARCIAL, FINEGOCIO, FIIDFUNCION, FIIDKIT) VALUES (0, 1, 1378, 1);
INSERT INTO RHEKT.TAFUNCIONESXNEGOCIO (FIPARCIAL, FINEGOCIO, FIIDFUNCION, FIIDKIT) VALUES (0, 1, 1380, 1);
INSERT INTO RHEKT.TAFUNCIONESXNEGOCIO (FIPARCIAL, FINEGOCIO, FIIDFUNCION, FIIDKIT) VALUES (0, 1, 1381, 1);
INSERT INTO RHEKT.TAFUNCIONESXNEGOCIO (FIPARCIAL, FINEGOCIO, FIIDFUNCION, FIIDKIT) VALUES (0, 1, 1382, 1);
INSERT INTO RHEKT.TAFUNCIONESXNEGOCIO (FIPARCIAL, FINEGOCIO, FIIDFUNCION, FIIDKIT) VALUES (0, 1, 1383, 1);
INSERT INTO RHEKT.TAFUNCIONESXNEGOCIO (FIPARCIAL, FINEGOCIO, FIIDFUNCION, FIIDKIT) VALUES (0, 1, 1398, 1);
INSERT INTO RHEKT.TAFUNCIONESXNEGOCIO (FIPARCIAL, FINEGOCIO, FIIDFUNCION, FIIDKIT) VALUES (0, 1, 1399, 1);
INSERT INTO RHEKT.TAFUNCIONESXNEGOCIO (FIPARCIAL, FINEGOCIO, FIIDFUNCION, FIIDKIT) VALUES (0, 1, 1401, 1);
INSERT INTO RHEKT.TAFUNCIONESXNEGOCIO (FIPARCIAL, FINEGOCIO, FIIDFUNCION, FIIDKIT) VALUES (0, 1, 1402, 1);
INSERT INTO RHEKT.TAFUNCIONESXNEGOCIO (FIPARCIAL, FINEGOCIO, FIIDFUNCION, FIIDKIT) VALUES (0, 1, 1406, 1);
INSERT INTO RHEKT.TAFUNCIONESXNEGOCIO (FIPARCIAL, FINEGOCIO, FIIDFUNCION, FIIDKIT) VALUES (0, 1, 1407, 1);
INSERT INTO RHEKT.TAFUNCIONESXNEGOCIO (FIPARCIAL, FINEGOCIO, FIIDFUNCION, FIIDKIT) VALUES (0, 1, 1408, 1);
INSERT INTO RHEKT.TAFUNCIONESXNEGOCIO (FIPARCIAL, FINEGOCIO, FIIDFUNCION, FIIDKIT) VALUES (0, 1, 1412, 1);
INSERT INTO RHEKT.TAFUNCIONESXNEGOCIO (FIPARCIAL, FINEGOCIO, FIIDFUNCION, FIIDKIT) VALUES (0, 1, 1616, 1);
INSERT INTO RHEKT.TAFUNCIONESXNEGOCIO (FIPARCIAL, FINEGOCIO, FIIDFUNCION, FIIDKIT) VALUES (0, 1, 1648, 1);
INSERT INTO RHEKT.TAFUNCIONESXNEGOCIO (FIPARCIAL, FINEGOCIO, FIIDFUNCION, FIIDKIT) VALUES (0, 1, 1649, 1);
INSERT INTO RHEKT.TAFUNCIONESXNEGOCIO (FIPARCIAL, FINEGOCIO, FIIDFUNCION, FIIDKIT) VALUES (0, 1, 1650, 1);
INSERT INTO RHEKT.TAFUNCIONESXNEGOCIO (FIPARCIAL, FINEGOCIO, FIIDFUNCION, FIIDKIT) VALUES (0, 1, 1770, 1);
INSERT INTO RHEKT.TAFUNCIONESXNEGOCIO (FIPARCIAL, FINEGOCIO, FIIDFUNCION, FIIDKIT) VALUES (0, 1, 1771, 1);
INSERT INTO RHEKT.TAFUNCIONESXNEGOCIO (FIPARCIAL, FINEGOCIO, FIIDFUNCION, FIIDKIT) VALUES (0, 1, 1772, 2);
INSERT INTO RHEKT.TAFUNCIONESXNEGOCIO (FIPARCIAL, FINEGOCIO, FIIDFUNCION, FIIDKIT) VALUES (0, 1, 1773, 1);
INSERT INTO RHEKT.TAFUNCIONESXNEGOCIO (FIPARCIAL, FINEGOCIO, FIIDFUNCION, FIIDKIT) VALUES (0, 1, 1774, 1);
INSERT INTO RHEKT.TAFUNCIONESXNEGOCIO (FIPARCIAL, FINEGOCIO, FIIDFUNCION, FIIDKIT) VALUES (0, 1, 1776, 1);
INSERT INTO RHEKT.TAFUNCIONESXNEGOCIO (FIPARCIAL, FINEGOCIO, FIIDFUNCION, FIIDKIT) VALUES (0, 1, 1777, 3);
INSERT INTO RHEKT.TAFUNCIONESXNEGOCIO (FIPARCIAL, FINEGOCIO, FIIDFUNCION, FIIDKIT) VALUES (0, 1, 1778, 4);
INSERT INTO RHEKT.TAFUNCIONESXNEGOCIO (FIPARCIAL, FINEGOCIO, FIIDFUNCION, FIIDKIT) VALUES (0, 1, 1779, 1);
INSERT INTO RHEKT.TAFUNCIONESXNEGOCIO (FIPARCIAL, FINEGOCIO, FIIDFUNCION, FIIDKIT) VALUES (0, 1, 1780, 1);
INSERT INTO RHEKT.TAFUNCIONESXNEGOCIO (FIPARCIAL, FINEGOCIO, FIIDFUNCION, FIIDKIT) VALUES (0, 1, 1800, 1);
INSERT INTO RHEKT.TAFUNCIONESXNEGOCIO (FIPARCIAL, FINEGOCIO, FIIDFUNCION, FIIDKIT) VALUES (0, 1, 1802, 1);
INSERT INTO RHEKT.TAFUNCIONESXNEGOCIO (FIPARCIAL, FINEGOCIO, FIIDFUNCION, FIIDKIT) VALUES (0, 1, 1814, 25);
INSERT INTO RHEKT.TAFUNCIONESXNEGOCIO (FIPARCIAL, FINEGOCIO, FIIDFUNCION, FIIDKIT) VALUES (0, 1, 1835, 1);
INSERT INTO RHEKT.TAFUNCIONESXNEGOCIO (FIPARCIAL, FINEGOCIO, FIIDFUNCION, FIIDKIT) VALUES (0, 1, 1855, 1);
INSERT INTO RHEKT.TAFUNCIONESXNEGOCIO (FIPARCIAL, FINEGOCIO, FIIDFUNCION, FIIDKIT) VALUES (0, 1, 1858, 1);
INSERT INTO RHEKT.TAFUNCIONESXNEGOCIO (FIPARCIAL, FINEGOCIO, FIIDFUNCION, FIIDKIT) VALUES (0, 1, 1859, 1);
INSERT INTO RHEKT.TAFUNCIONESXNEGOCIO (FIPARCIAL, FINEGOCIO, FIIDFUNCION, FIIDKIT) VALUES (0, 1, 1860, 1);
INSERT INTO RHEKT.TAFUNCIONESXNEGOCIO (FIPARCIAL, FINEGOCIO, FIIDFUNCION, FIIDKIT) VALUES (0, 1, 1881, 1);
INSERT INTO RHEKT.TAFUNCIONESXNEGOCIO (FIPARCIAL, FINEGOCIO, FIIDFUNCION, FIIDKIT) VALUES (0, 1, 1903, 1);
INSERT INTO RHEKT.TAFUNCIONESXNEGOCIO (FIPARCIAL, FINEGOCIO, FIIDFUNCION, FIIDKIT) VALUES (0, 1, 1946, 2);
INSERT INTO RHEKT.TAFUNCIONESXNEGOCIO (FIPARCIAL, FINEGOCIO, FIIDFUNCION, FIIDKIT) VALUES (0, 1, 1947, 4);
INSERT INTO RHEKT.TAFUNCIONESXNEGOCIO (FIPARCIAL, FINEGOCIO, FIIDFUNCION, FIIDKIT) VALUES (0, 1, 1949, 3);
INSERT INTO RHEKT.TAFUNCIONESXNEGOCIO (FIPARCIAL, FINEGOCIO, FIIDFUNCION, FIIDKIT) VALUES (0, 1, 1950, 1);
INSERT INTO RHEKT.TAFUNCIONESXNEGOCIO (FIPARCIAL, FINEGOCIO, FIIDFUNCION, FIIDKIT) VALUES (0, 1, 1951, 5);
INSERT INTO RHEKT.TAFUNCIONESXNEGOCIO (FIPARCIAL, FINEGOCIO, FIIDFUNCION, FIIDKIT) VALUES (0, 1, 1987, 2);
INSERT INTO RHEKT.TAFUNCIONESXNEGOCIO (FIPARCIAL, FINEGOCIO, FIIDFUNCION, FIIDKIT) VALUES (0, 1, 1988, 4);
INSERT INTO RHEKT.TAFUNCIONESXNEGOCIO (FIPARCIAL, FINEGOCIO, FIIDFUNCION, FIIDKIT) VALUES (0, 1, 1992, 3);
INSERT INTO RHEKT.TAFUNCIONESXNEGOCIO (FIPARCIAL, FINEGOCIO, FIIDFUNCION, FIIDKIT) VALUES (0, 1, 1996, 1);
INSERT INTO RHEKT.TAFUNCIONESXNEGOCIO (FIPARCIAL, FINEGOCIO, FIIDFUNCION, FIIDKIT) VALUES (0, 1, 2010, 27);
INSERT INTO RHEKT.TAFUNCIONESXNEGOCIO (FIPARCIAL, FINEGOCIO, FIIDFUNCION, FIIDKIT) VALUES (0, 1, 2028, 1);
INSERT INTO RHEKT.TAFUNCIONESXNEGOCIO (FIPARCIAL, FINEGOCIO, FIIDFUNCION, FIIDKIT) VALUES (0, 1, 2041, 4);
INSERT INTO RHEKT.TAFUNCIONESXNEGOCIO (FIPARCIAL, FINEGOCIO, FIIDFUNCION, FIIDKIT) VALUES (0, 1, 2077, 1);
INSERT INTO RHEKT.TAFUNCIONESXNEGOCIO (FIPARCIAL, FINEGOCIO, FIIDFUNCION, FIIDKIT) VALUES (0, 1, 2053, 1);
INSERT INTO RHEKT.TAFUNCIONESXNEGOCIO (FIPARCIAL, FINEGOCIO, FIIDFUNCION, FIIDKIT) VALUES (0, 1, 2060, 1);
INSERT INTO RHEKT.TAFUNCIONESXNEGOCIO (FIPARCIAL, FINEGOCIO, FIIDFUNCION, FIIDKIT) VALUES (0, 1, 2061, 1);
INSERT INTO RHEKT.TAFUNCIONESXNEGOCIO (FIPARCIAL, FINEGOCIO, FIIDFUNCION, FIIDKIT) VALUES (0, 1, 8002, 1);
INSERT INTO RHEKT.TAFUNCIONESXNEGOCIO (FIPARCIAL, FINEGOCIO, FIIDFUNCION, FIIDKIT) VALUES (0, 1, 8003, 1);
INSERT INTO RHEKT.TAFUNCIONESXNEGOCIO (FIPARCIAL, FINEGOCIO, FIIDFUNCION, FIIDKIT) VALUES (0, 1, 8034, 1);
INSERT INTO RHEKT.TAFUNCIONESXNEGOCIO (FIPARCIAL, FINEGOCIO, FIIDFUNCION, FIIDKIT) VALUES (0, 1, 8035, 1);
INSERT INTO RHEKT.TAFUNCIONESXNEGOCIO (FIPARCIAL, FINEGOCIO, FIIDFUNCION, FIIDKIT) VALUES (0, 1, 8069, 1);
INSERT INTO RHEKT.TAFUNCIONESXNEGOCIO (FIPARCIAL, FINEGOCIO, FIIDFUNCION, FIIDKIT) VALUES (0, 1, 8067, 1);
INSERT INTO RHEKT.TAFUNCIONESXNEGOCIO (FIPARCIAL, FINEGOCIO, FIIDFUNCION, FIIDKIT) VALUES (0, 1, 8068, 1);
INSERT INTO RHEKT.TAFUNCIONESXNEGOCIO (FIPARCIAL, FINEGOCIO, FIIDFUNCION, FIIDKIT) VALUES (0, 2, 75, 6);
INSERT INTO RHEKT.TAFUNCIONESXNEGOCIO (FIPARCIAL, FINEGOCIO, FIIDFUNCION, FIIDKIT) VALUES (0, 2, 625, 6);
INSERT INTO RHEKT.TAFUNCIONESXNEGOCIO (FIPARCIAL, FINEGOCIO, FIIDFUNCION, FIIDKIT) VALUES (0, 2, 1305, 6);
INSERT INTO RHEKT.TAFUNCIONESXNEGOCIO (FIPARCIAL, FINEGOCIO, FIIDFUNCION, FIIDKIT) VALUES (0, 2, 1336, 6);
INSERT INTO RHEKT.TAFUNCIONESXNEGOCIO (FIPARCIAL, FINEGOCIO, FIIDFUNCION, FIIDKIT) VALUES (0, 2, 1347, 6);
INSERT INTO RHEKT.TAFUNCIONESXNEGOCIO (FIPARCIAL, FINEGOCIO, FIIDFUNCION, FIIDKIT) VALUES (0, 2, 1374, 6);
INSERT INTO RHEKT.TAFUNCIONESXNEGOCIO (FIPARCIAL, FINEGOCIO, FIIDFUNCION, FIIDKIT) VALUES (0, 2, 1375, 6);
INSERT INTO RHEKT.TAFUNCIONESXNEGOCIO (FIPARCIAL, FINEGOCIO, FIIDFUNCION, FIIDKIT) VALUES (0, 2, 1378, 6);
INSERT INTO RHEKT.TAFUNCIONESXNEGOCIO (FIPARCIAL, FINEGOCIO, FIIDFUNCION, FIIDKIT) VALUES (0, 2, 1380, 6);
INSERT INTO RHEKT.TAFUNCIONESXNEGOCIO (FIPARCIAL, FINEGOCIO, FIIDFUNCION, FIIDKIT) VALUES (0, 2, 1381, 6);
INSERT INTO RHEKT.TAFUNCIONESXNEGOCIO (FIPARCIAL, FINEGOCIO, FIIDFUNCION, FIIDKIT) VALUES (0, 2, 1382, 6);
INSERT INTO RHEKT.TAFUNCIONESXNEGOCIO (FIPARCIAL, FINEGOCIO, FIIDFUNCION, FIIDKIT) VALUES (0, 2, 1383, 6);
INSERT INTO RHEKT.TAFUNCIONESXNEGOCIO (FIPARCIAL, FINEGOCIO, FIIDFUNCION, FIIDKIT) VALUES (0, 2, 1401, 6);
INSERT INTO RHEKT.TAFUNCIONESXNEGOCIO (FIPARCIAL, FINEGOCIO, FIIDFUNCION, FIIDKIT) VALUES (0, 2, 1402, 6);
INSERT INTO RHEKT.TAFUNCIONESXNEGOCIO (FIPARCIAL, FINEGOCIO, FIIDFUNCION, FIIDKIT) VALUES (0, 2, 1412, 6);
INSERT INTO RHEKT.TAFUNCIONESXNEGOCIO (FIPARCIAL, FINEGOCIO, FIIDFUNCION, FIIDKIT) VALUES (0, 2, 1616, 6);
INSERT INTO RHEKT.TAFUNCIONESXNEGOCIO (FIPARCIAL, FINEGOCIO, FIIDFUNCION, FIIDKIT) VALUES (0, 2, 1648, 6);
INSERT INTO RHEKT.TAFUNCIONESXNEGOCIO (FIPARCIAL, FINEGOCIO, FIIDFUNCION, FIIDKIT) VALUES (0, 2, 1649, 6);
INSERT INTO RHEKT.TAFUNCIONESXNEGOCIO (FIPARCIAL, FINEGOCIO, FIIDFUNCION, FIIDKIT) VALUES (0, 2, 1650, 6);
INSERT INTO RHEKT.TAFUNCIONESXNEGOCIO (FIPARCIAL, FINEGOCIO, FIIDFUNCION, FIIDKIT) VALUES (0, 2, 1770, 6);
INSERT INTO RHEKT.TAFUNCIONESXNEGOCIO (FIPARCIAL, FINEGOCIO, FIIDFUNCION, FIIDKIT) VALUES (0, 2, 1771, 6);
INSERT INTO RHEKT.TAFUNCIONESXNEGOCIO (FIPARCIAL, FINEGOCIO, FIIDFUNCION, FIIDKIT) VALUES (0, 2, 1772, 7);
INSERT INTO RHEKT.TAFUNCIONESXNEGOCIO (FIPARCIAL, FINEGOCIO, FIIDFUNCION, FIIDKIT) VALUES (0, 2, 1777, 8);
INSERT INTO RHEKT.TAFUNCIONESXNEGOCIO (FIPARCIAL, FINEGOCIO, FIIDFUNCION, FIIDKIT) VALUES (0, 2, 1778, 9);
INSERT INTO RHEKT.TAFUNCIONESXNEGOCIO (FIPARCIAL, FINEGOCIO, FIIDFUNCION, FIIDKIT) VALUES (0, 2, 1802, 6);
INSERT INTO RHEKT.TAFUNCIONESXNEGOCIO (FIPARCIAL, FINEGOCIO, FIIDFUNCION, FIIDKIT) VALUES (0, 2, 1814, 26);
INSERT INTO RHEKT.TAFUNCIONESXNEGOCIO (FIPARCIAL, FINEGOCIO, FIIDFUNCION, FIIDKIT) VALUES (0, 2, 1835, 6);
INSERT INTO RHEKT.TAFUNCIONESXNEGOCIO (FIPARCIAL, FINEGOCIO, FIIDFUNCION, FIIDKIT) VALUES (0, 2, 1855, 6);
INSERT INTO RHEKT.TAFUNCIONESXNEGOCIO (FIPARCIAL, FINEGOCIO, FIIDFUNCION, FIIDKIT) VALUES (0, 2, 1858, 6);
INSERT INTO RHEKT.TAFUNCIONESXNEGOCIO (FIPARCIAL, FINEGOCIO, FIIDFUNCION, FIIDKIT) VALUES (0, 2, 1859, 6);
INSERT INTO RHEKT.TAFUNCIONESXNEGOCIO (FIPARCIAL, FINEGOCIO, FIIDFUNCION, FIIDKIT) VALUES (0, 2, 1860, 6);
INSERT INTO RHEKT.TAFUNCIONESXNEGOCIO (FIPARCIAL, FINEGOCIO, FIIDFUNCION, FIIDKIT) VALUES (0, 2, 1903, 6);
INSERT INTO RHEKT.TAFUNCIONESXNEGOCIO (FIPARCIAL, FINEGOCIO, FIIDFUNCION, FIIDKIT) VALUES (0, 2, 1987, 7);
INSERT INTO RHEKT.TAFUNCIONESXNEGOCIO (FIPARCIAL, FINEGOCIO, FIIDFUNCION, FIIDKIT) VALUES (0, 2, 1988, 9);
INSERT INTO RHEKT.TAFUNCIONESXNEGOCIO (FIPARCIAL, FINEGOCIO, FIIDFUNCION, FIIDKIT) VALUES (0, 2, 1992, 8);
INSERT INTO RHEKT.TAFUNCIONESXNEGOCIO (FIPARCIAL, FINEGOCIO, FIIDFUNCION, FIIDKIT) VALUES (0, 2, 1996, 6);
INSERT INTO RHEKT.TAFUNCIONESXNEGOCIO (FIPARCIAL, FINEGOCIO, FIIDFUNCION, FIIDKIT) VALUES (0, 2, 2010, 28);
INSERT INTO RHEKT.TAFUNCIONESXNEGOCIO (FIPARCIAL, FINEGOCIO, FIIDFUNCION, FIIDKIT) VALUES (0, 2, 2028, 6);
INSERT INTO RHEKT.TAFUNCIONESXNEGOCIO (FIPARCIAL, FINEGOCIO, FIIDFUNCION, FIIDKIT) VALUES (0, 2, 2041, 9);
INSERT INTO RHEKT.TAFUNCIONESXNEGOCIO (FIPARCIAL, FINEGOCIO, FIIDFUNCION, FIIDKIT) VALUES (0, 2, 2077, 6);
INSERT INTO RHEKT.TAFUNCIONESXNEGOCIO (FIPARCIAL, FINEGOCIO, FIIDFUNCION, FIIDKIT) VALUES (0, 2, 2053, 6);
INSERT INTO RHEKT.TAFUNCIONESXNEGOCIO (FIPARCIAL, FINEGOCIO, FIIDFUNCION, FIIDKIT) VALUES (0, 2, 2061, 6);
INSERT INTO RHEKT.TAFUNCIONESXNEGOCIO (FIPARCIAL, FINEGOCIO, FIIDFUNCION, FIIDKIT) VALUES (0, 2, 8002, 6);
INSERT INTO RHEKT.TAFUNCIONESXNEGOCIO (FIPARCIAL, FINEGOCIO, FIIDFUNCION, FIIDKIT) VALUES (0, 2, 8003, 6);
INSERT INTO RHEKT.TAFUNCIONESXNEGOCIO (FIPARCIAL, FINEGOCIO, FIIDFUNCION, FIIDKIT) VALUES (0, 2, 8034, 6);
INSERT INTO RHEKT.TAFUNCIONESXNEGOCIO (FIPARCIAL, FINEGOCIO, FIIDFUNCION, FIIDKIT) VALUES (0, 2, 8035, 6);
INSERT INTO RHEKT.TAFUNCIONESXNEGOCIO (FIPARCIAL, FINEGOCIO, FIIDFUNCION, FIIDKIT) VALUES (0, 2, 8069, 6);
INSERT INTO RHEKT.TAFUNCIONESXNEGOCIO (FIPARCIAL, FINEGOCIO, FIIDFUNCION, FIIDKIT) VALUES (0, 2, 8067, 6);
INSERT INTO RHEKT.TAFUNCIONESXNEGOCIO (FIPARCIAL, FINEGOCIO, FIIDFUNCION, FIIDKIT) VALUES (0, 2, 8068, 6);
INSERT INTO RHEKT.TAFUNCIONESXNEGOCIO (FIPARCIAL, FINEGOCIO, FIIDFUNCION, FIIDKIT) VALUES (0, 3, 625, 10);
INSERT INTO RHEKT.TAFUNCIONESXNEGOCIO (FIPARCIAL, FINEGOCIO, FIIDFUNCION, FIIDKIT) VALUES (0, 3, 1315, 10);
INSERT INTO RHEKT.TAFUNCIONESXNEGOCIO (FIPARCIAL, FINEGOCIO, FIIDFUNCION, FIIDKIT) VALUES (0, 3, 1347, 10);
INSERT INTO RHEKT.TAFUNCIONESXNEGOCIO (FIPARCIAL, FINEGOCIO, FIIDFUNCION, FIIDKIT) VALUES (0, 3, 1363, 10);
INSERT INTO RHEKT.TAFUNCIONESXNEGOCIO (FIPARCIAL, FINEGOCIO, FIIDFUNCION, FIIDKIT) VALUES (0, 3, 1378, 10);
INSERT INTO RHEKT.TAFUNCIONESXNEGOCIO (FIPARCIAL, FINEGOCIO, FIIDFUNCION, FIIDKIT) VALUES (0, 3, 1403, 10);
INSERT INTO RHEKT.TAFUNCIONESXNEGOCIO (FIPARCIAL, FINEGOCIO, FIIDFUNCION, FIIDKIT) VALUES (0, 3, 1412, 10);
INSERT INTO RHEKT.TAFUNCIONESXNEGOCIO (FIPARCIAL, FINEGOCIO, FIIDFUNCION, FIIDKIT) VALUES (0, 3, 1544, 10);
INSERT INTO RHEKT.TAFUNCIONESXNEGOCIO (FIPARCIAL, FINEGOCIO, FIIDFUNCION, FIIDKIT) VALUES (0, 3, 1567, 10);
INSERT INTO RHEKT.TAFUNCIONESXNEGOCIO (FIPARCIAL, FINEGOCIO, FIIDFUNCION, FIIDKIT) VALUES (0, 3, 1618, 10);
INSERT INTO RHEKT.TAFUNCIONESXNEGOCIO (FIPARCIAL, FINEGOCIO, FIIDFUNCION, FIIDKIT) VALUES (0, 3, 1619, 10);
INSERT INTO RHEKT.TAFUNCIONESXNEGOCIO (FIPARCIAL, FINEGOCIO, FIIDFUNCION, FIIDKIT) VALUES (0, 3, 1628, 10);
INSERT INTO RHEKT.TAFUNCIONESXNEGOCIO (FIPARCIAL, FINEGOCIO, FIIDFUNCION, FIIDKIT) VALUES (0, 3, 1765, 10);
INSERT INTO RHEKT.TAFUNCIONESXNEGOCIO (FIPARCIAL, FINEGOCIO, FIIDFUNCION, FIIDKIT) VALUES (0, 3, 1772, 14);
INSERT INTO RHEKT.TAFUNCIONESXNEGOCIO (FIPARCIAL, FINEGOCIO, FIIDFUNCION, FIIDKIT) VALUES (0, 3, 1778, 10);
INSERT INTO RHEKT.TAFUNCIONESXNEGOCIO (FIPARCIAL, FINEGOCIO, FIIDFUNCION, FIIDKIT) VALUES (0, 3, 1802, 10);
INSERT INTO RHEKT.TAFUNCIONESXNEGOCIO (FIPARCIAL, FINEGOCIO, FIIDFUNCION, FIIDKIT) VALUES (0, 3, 1855, 10);
INSERT INTO RHEKT.TAFUNCIONESXNEGOCIO (FIPARCIAL, FINEGOCIO, FIIDFUNCION, FIIDKIT) VALUES (0, 3, 1903, 10);
INSERT INTO RHEKT.TAFUNCIONESXNEGOCIO (FIPARCIAL, FINEGOCIO, FIIDFUNCION, FIIDKIT) VALUES (0, 3, 1952, 10);
INSERT INTO RHEKT.TAFUNCIONESXNEGOCIO (FIPARCIAL, FINEGOCIO, FIIDFUNCION, FIIDKIT) VALUES (0, 3, 1987, 10);
INSERT INTO RHEKT.TAFUNCIONESXNEGOCIO (FIPARCIAL, FINEGOCIO, FIIDFUNCION, FIIDKIT) VALUES (0, 3, 1988, 10);
INSERT INTO RHEKT.TAFUNCIONESXNEGOCIO (FIPARCIAL, FINEGOCIO, FIIDFUNCION, FIIDKIT) VALUES (0, 3, 1996, 10);
INSERT INTO RHEKT.TAFUNCIONESXNEGOCIO (FIPARCIAL, FINEGOCIO, FIIDFUNCION, FIIDKIT) VALUES (0, 3, 2028, 10);
INSERT INTO RHEKT.TAFUNCIONESXNEGOCIO (FIPARCIAL, FINEGOCIO, FIIDFUNCION, FIIDKIT) VALUES (0, 3, 2077, 10);
INSERT INTO RHEKT.TAFUNCIONESXNEGOCIO (FIPARCIAL, FINEGOCIO, FIIDFUNCION, FIIDKIT) VALUES (0, 3, 2053, 10);
INSERT INTO RHEKT.TAFUNCIONESXNEGOCIO (FIPARCIAL, FINEGOCIO, FIIDFUNCION, FIIDKIT) VALUES (0, 3, 2061, 10);
INSERT INTO RHEKT.TAFUNCIONESXNEGOCIO (FIPARCIAL, FINEGOCIO, FIIDFUNCION, FIIDKIT) VALUES (0, 3, 8002, 10);
INSERT INTO RHEKT.TAFUNCIONESXNEGOCIO (FIPARCIAL, FINEGOCIO, FIIDFUNCION, FIIDKIT) VALUES (0, 3, 8003, 10);
INSERT INTO RHEKT.TAFUNCIONESXNEGOCIO (FIPARCIAL, FINEGOCIO, FIIDFUNCION, FIIDKIT) VALUES (0, 3, 8042, 10);
INSERT INTO RHEKT.TAFUNCIONESXNEGOCIO (FIPARCIAL, FINEGOCIO, FIIDFUNCION, FIIDKIT) VALUES (0, 3, 8043, 10);
INSERT INTO RHEKT.TAFUNCIONESXNEGOCIO (FIPARCIAL, FINEGOCIO, FIIDFUNCION, FIIDKIT) VALUES (0, 3, 8044, 10);
INSERT INTO RHEKT.TAFUNCIONESXNEGOCIO (FIPARCIAL, FINEGOCIO, FIIDFUNCION, FIIDKIT) VALUES (0, 3, 8045, 10);
INSERT INTO RHEKT.TAFUNCIONESXNEGOCIO (FIPARCIAL, FINEGOCIO, FIIDFUNCION, FIIDKIT) VALUES (0, 4, 625, 1);
INSERT INTO RHEKT.TAFUNCIONESXNEGOCIO (FIPARCIAL, FINEGOCIO, FIIDFUNCION, FIIDKIT) VALUES (0, 4, 1315, 1);
INSERT INTO RHEKT.TAFUNCIONESXNEGOCIO (FIPARCIAL, FINEGOCIO, FIIDFUNCION, FIIDKIT) VALUES (0, 4, 1347, 1);
INSERT INTO RHEKT.TAFUNCIONESXNEGOCIO (FIPARCIAL, FINEGOCIO, FIIDFUNCION, FIIDKIT) VALUES (0, 4, 1358, 1);
INSERT INTO RHEKT.TAFUNCIONESXNEGOCIO (FIPARCIAL, FINEGOCIO, FIIDFUNCION, FIIDKIT) VALUES (0, 4, 1397, 1);
INSERT INTO RHEKT.TAFUNCIONESXNEGOCIO (FIPARCIAL, FINEGOCIO, FIIDFUNCION, FIIDKIT) VALUES (0, 4, 1412, 1);
INSERT INTO RHEKT.TAFUNCIONESXNEGOCIO (FIPARCIAL, FINEGOCIO, FIIDFUNCION, FIIDKIT) VALUES (0, 4, 1643, 1);
INSERT INTO RHEKT.TAFUNCIONESXNEGOCIO (FIPARCIAL, FINEGOCIO, FIIDFUNCION, FIIDKIT) VALUES (0, 4, 1688, 1);
INSERT INTO RHEKT.TAFUNCIONESXNEGOCIO (FIPARCIAL, FINEGOCIO, FIIDFUNCION, FIIDKIT) VALUES (0, 4, 1766, 11);
INSERT INTO RHEKT.TAFUNCIONESXNEGOCIO (FIPARCIAL, FINEGOCIO, FIIDFUNCION, FIIDKIT) VALUES (0, 4, 1772, 11);
INSERT INTO RHEKT.TAFUNCIONESXNEGOCIO (FIPARCIAL, FINEGOCIO, FIIDFUNCION, FIIDKIT) VALUES (0, 4, 1802, 1);
INSERT INTO RHEKT.TAFUNCIONESXNEGOCIO (FIPARCIAL, FINEGOCIO, FIIDFUNCION, FIIDKIT) VALUES (0, 4, 1804, 11);
INSERT INTO RHEKT.TAFUNCIONESXNEGOCIO (FIPARCIAL, FINEGOCIO, FIIDFUNCION, FIIDKIT) VALUES (0, 4, 1814, 1);
INSERT INTO RHEKT.TAFUNCIONESXNEGOCIO (FIPARCIAL, FINEGOCIO, FIIDFUNCION, FIIDKIT) VALUES (0, 4, 1903, 1);
INSERT INTO RHEKT.TAFUNCIONESXNEGOCIO (FIPARCIAL, FINEGOCIO, FIIDFUNCION, FIIDKIT) VALUES (0, 4, 1952, 1);
INSERT INTO RHEKT.TAFUNCIONESXNEGOCIO (FIPARCIAL, FINEGOCIO, FIIDFUNCION, FIIDKIT) VALUES (0, 4, 1987, 11);
INSERT INTO RHEKT.TAFUNCIONESXNEGOCIO (FIPARCIAL, FINEGOCIO, FIIDFUNCION, FIIDKIT) VALUES (0, 4, 1996, 1);
INSERT INTO RHEKT.TAFUNCIONESXNEGOCIO (FIPARCIAL, FINEGOCIO, FIIDFUNCION, FIIDKIT) VALUES (0, 4, 2028, 1);
INSERT INTO RHEKT.TAFUNCIONESXNEGOCIO (FIPARCIAL, FINEGOCIO, FIIDFUNCION, FIIDKIT) VALUES (0, 4, 2077, 1);
INSERT INTO RHEKT.TAFUNCIONESXNEGOCIO (FIPARCIAL, FINEGOCIO, FIIDFUNCION, FIIDKIT) VALUES (0, 4, 2061, 1);
INSERT INTO RHEKT.TAFUNCIONESXNEGOCIO (FIPARCIAL, FINEGOCIO, FIIDFUNCION, FIIDKIT) VALUES (0, 4, 8002, 1);
INSERT INTO RHEKT.TAFUNCIONESXNEGOCIO (FIPARCIAL, FINEGOCIO, FIIDFUNCION, FIIDKIT) VALUES (0, 4, 8003, 1);
INSERT INTO RHEKT.TAFUNCIONESXNEGOCIO (FIPARCIAL, FINEGOCIO, FIIDFUNCION, FIIDKIT) VALUES (0, 4, 2070, 1);
INSERT INTO RHEKT.TAFUNCIONESXNEGOCIO (FIPARCIAL, FINEGOCIO, FIIDFUNCION, FIIDKIT) VALUES (0, 5, 625, 1);
INSERT INTO RHEKT.TAFUNCIONESXNEGOCIO (FIPARCIAL, FINEGOCIO, FIIDFUNCION, FIIDKIT) VALUES (0, 5, 1363, 1);
INSERT INTO RHEKT.TAFUNCIONESXNEGOCIO (FIPARCIAL, FINEGOCIO, FIIDFUNCION, FIIDKIT) VALUES (0, 5, 1544, 1);
INSERT INTO RHEKT.TAFUNCIONESXNEGOCIO (FIPARCIAL, FINEGOCIO, FIIDFUNCION, FIIDKIT) VALUES (0, 5, 1655, 1);
INSERT INTO RHEKT.TAFUNCIONESXNEGOCIO (FIPARCIAL, FINEGOCIO, FIIDFUNCION, FIIDKIT) VALUES (0, 5, 1772, 12);
INSERT INTO RHEKT.TAFUNCIONESXNEGOCIO (FIPARCIAL, FINEGOCIO, FIIDFUNCION, FIIDKIT) VALUES (0, 5, 1804, 12);
INSERT INTO RHEKT.TAFUNCIONESXNEGOCIO (FIPARCIAL, FINEGOCIO, FIIDFUNCION, FIIDKIT) VALUES (0, 5, 1987, 1);
INSERT INTO RHEKT.TAFUNCIONESXNEGOCIO (FIPARCIAL, FINEGOCIO, FIIDFUNCION, FIIDKIT) VALUES (0, 5, 2028, 1);
INSERT INTO RHEKT.TAFUNCIONESXNEGOCIO (FIPARCIAL, FINEGOCIO, FIIDFUNCION, FIIDKIT) VALUES (0, 6, 215, 13);
INSERT INTO RHEKT.TAFUNCIONESXNEGOCIO (FIPARCIAL, FINEGOCIO, FIIDFUNCION, FIIDKIT) VALUES (0, 6, 377, 13);
INSERT INTO RHEKT.TAFUNCIONESXNEGOCIO (FIPARCIAL, FINEGOCIO, FIIDFUNCION, FIIDKIT) VALUES (0, 6, 1433, 13);
INSERT INTO RHEKT.TAFUNCIONESXNEGOCIO (FIPARCIAL, FINEGOCIO, FIIDFUNCION, FIIDKIT) VALUES (0, 6, 1434, 13);
INSERT INTO RHEKT.TAFUNCIONESXNEGOCIO (FIPARCIAL, FINEGOCIO, FIIDFUNCION, FIIDKIT) VALUES (0, 6, 1531, 13);
INSERT INTO RHEKT.TAFUNCIONESXNEGOCIO (FIPARCIAL, FINEGOCIO, FIIDFUNCION, FIIDKIT) VALUES (0, 6, 1646, 13);
INSERT INTO RHEKT.TAFUNCIONESXNEGOCIO (FIPARCIAL, FINEGOCIO, FIIDFUNCION, FIIDKIT) VALUES (0, 6, 1984, 13);
INSERT INTO RHEKT.TAFUNCIONESXNEGOCIO (FIPARCIAL, FINEGOCIO, FIIDFUNCION, FIIDKIT) VALUES (0, 7, 75, 14);
INSERT INTO RHEKT.TAFUNCIONESXNEGOCIO (FIPARCIAL, FINEGOCIO, FIIDFUNCION, FIIDKIT) VALUES (0, 7, 625, 14);
INSERT INTO RHEKT.TAFUNCIONESXNEGOCIO (FIPARCIAL, FINEGOCIO, FIIDFUNCION, FIIDKIT) VALUES (0, 7, 1305, 14);
INSERT INTO RHEKT.TAFUNCIONESXNEGOCIO (FIPARCIAL, FINEGOCIO, FIIDFUNCION, FIIDKIT) VALUES (0, 7, 1336, 14);
INSERT INTO RHEKT.TAFUNCIONESXNEGOCIO (FIPARCIAL, FINEGOCIO, FIIDFUNCION, FIIDKIT) VALUES (0, 7, 1347, 14);
INSERT INTO RHEKT.TAFUNCIONESXNEGOCIO (FIPARCIAL, FINEGOCIO, FIIDFUNCION, FIIDKIT) VALUES (0, 7, 1374, 14);
INSERT INTO RHEKT.TAFUNCIONESXNEGOCIO (FIPARCIAL, FINEGOCIO, FIIDFUNCION, FIIDKIT) VALUES (0, 7, 1375, 14);
INSERT INTO RHEKT.TAFUNCIONESXNEGOCIO (FIPARCIAL, FINEGOCIO, FIIDFUNCION, FIIDKIT) VALUES (0, 7, 1380, 14);
INSERT INTO RHEKT.TAFUNCIONESXNEGOCIO (FIPARCIAL, FINEGOCIO, FIIDFUNCION, FIIDKIT) VALUES (0, 7, 1381, 14);
INSERT INTO RHEKT.TAFUNCIONESXNEGOCIO (FIPARCIAL, FINEGOCIO, FIIDFUNCION, FIIDKIT) VALUES (0, 7, 1382, 14);
INSERT INTO RHEKT.TAFUNCIONESXNEGOCIO (FIPARCIAL, FINEGOCIO, FIIDFUNCION, FIIDKIT) VALUES (0, 7, 1383, 14);
INSERT INTO RHEKT.TAFUNCIONESXNEGOCIO (FIPARCIAL, FINEGOCIO, FIIDFUNCION, FIIDKIT) VALUES (0, 7, 1401, 14);
INSERT INTO RHEKT.TAFUNCIONESXNEGOCIO (FIPARCIAL, FINEGOCIO, FIIDFUNCION, FIIDKIT) VALUES (0, 7, 1402, 14);
INSERT INTO RHEKT.TAFUNCIONESXNEGOCIO (FIPARCIAL, FINEGOCIO, FIIDFUNCION, FIIDKIT) VALUES (0, 7, 1412, 14);
INSERT INTO RHEKT.TAFUNCIONESXNEGOCIO (FIPARCIAL, FINEGOCIO, FIIDFUNCION, FIIDKIT) VALUES (0, 7, 1616, 14);
INSERT INTO RHEKT.TAFUNCIONESXNEGOCIO (FIPARCIAL, FINEGOCIO, FIIDFUNCION, FIIDKIT) VALUES (0, 7, 1648, 14);
INSERT INTO RHEKT.TAFUNCIONESXNEGOCIO (FIPARCIAL, FINEGOCIO, FIIDFUNCION, FIIDKIT) VALUES (0, 7, 1649, 14);
INSERT INTO RHEKT.TAFUNCIONESXNEGOCIO (FIPARCIAL, FINEGOCIO, FIIDFUNCION, FIIDKIT) VALUES (0, 7, 1650, 14);
INSERT INTO RHEKT.TAFUNCIONESXNEGOCIO (FIPARCIAL, FINEGOCIO, FIIDFUNCION, FIIDKIT) VALUES (0, 7, 1772, 15);
INSERT INTO RHEKT.TAFUNCIONESXNEGOCIO (FIPARCIAL, FINEGOCIO, FIIDFUNCION, FIIDKIT) VALUES (0, 7, 1778, 14);
INSERT INTO RHEKT.TAFUNCIONESXNEGOCIO (FIPARCIAL, FINEGOCIO, FIIDFUNCION, FIIDKIT) VALUES (0, 7, 1814, 14);
INSERT INTO RHEKT.TAFUNCIONESXNEGOCIO (FIPARCIAL, FINEGOCIO, FIIDFUNCION, FIIDKIT) VALUES (0, 7, 1903, 14);
INSERT INTO RHEKT.TAFUNCIONESXNEGOCIO (FIPARCIAL, FINEGOCIO, FIIDFUNCION, FIIDKIT) VALUES (0, 7, 1987, 15);
INSERT INTO RHEKT.TAFUNCIONESXNEGOCIO (FIPARCIAL, FINEGOCIO, FIIDFUNCION, FIIDKIT) VALUES (0, 7, 1988, 14);
INSERT INTO RHEKT.TAFUNCIONESXNEGOCIO (FIPARCIAL, FINEGOCIO, FIIDFUNCION, FIIDKIT) VALUES (0, 7, 1996, 14);
INSERT INTO RHEKT.TAFUNCIONESXNEGOCIO (FIPARCIAL, FINEGOCIO, FIIDFUNCION, FIIDKIT) VALUES (0, 7, 2010, 14);
INSERT INTO RHEKT.TAFUNCIONESXNEGOCIO (FIPARCIAL, FINEGOCIO, FIIDFUNCION, FIIDKIT) VALUES (0, 7, 2028, 14);
INSERT INTO RHEKT.TAFUNCIONESXNEGOCIO (FIPARCIAL, FINEGOCIO, FIIDFUNCION, FIIDKIT) VALUES (0, 7, 2077, 14);
INSERT INTO RHEKT.TAFUNCIONESXNEGOCIO (FIPARCIAL, FINEGOCIO, FIIDFUNCION, FIIDKIT) VALUES (0, 7, 2061, 14);
INSERT INTO RHEKT.TAFUNCIONESXNEGOCIO (FIPARCIAL, FINEGOCIO, FIIDFUNCION, FIIDKIT) VALUES (0, 7, 8002, 14);
INSERT INTO RHEKT.TAFUNCIONESXNEGOCIO (FIPARCIAL, FINEGOCIO, FIIDFUNCION, FIIDKIT) VALUES (0, 7, 8003, 14);
INSERT INTO RHEKT.TAFUNCIONESXNEGOCIO (FIPARCIAL, FINEGOCIO, FIIDFUNCION, FIIDKIT) VALUES (0, 7, 2054, 14);
INSERT INTO RHEKT.TAFUNCIONESXNEGOCIO (FIPARCIAL, FINEGOCIO, FIIDFUNCION, FIIDKIT) VALUES (0, 8, 1592, 16);
INSERT INTO RHEKT.TAFUNCIONESXNEGOCIO (FIPARCIAL, FINEGOCIO, FIIDFUNCION, FIIDKIT) VALUES (0, 8, 1593, 16);
INSERT INTO RHEKT.TAFUNCIONESXNEGOCIO (FIPARCIAL, FINEGOCIO, FIIDFUNCION, FIIDKIT) VALUES (0, 8, 1594, 16);
INSERT INTO RHEKT.TAFUNCIONESXNEGOCIO (FIPARCIAL, FINEGOCIO, FIIDFUNCION, FIIDKIT) VALUES (0, 8, 1595, 16);
INSERT INTO RHEKT.TAFUNCIONESXNEGOCIO (FIPARCIAL, FINEGOCIO, FIIDFUNCION, FIIDKIT) VALUES (0, 8, 1596, 16);
INSERT INTO RHEKT.TAFUNCIONESXNEGOCIO (FIPARCIAL, FINEGOCIO, FIIDFUNCION, FIIDKIT) VALUES (0, 8, 1597, 16);
INSERT INTO RHEKT.TAFUNCIONESXNEGOCIO (FIPARCIAL, FINEGOCIO, FIIDFUNCION, FIIDKIT) VALUES (0, 8, 1598, 16);
INSERT INTO RHEKT.TAFUNCIONESXNEGOCIO (FIPARCIAL, FINEGOCIO, FIIDFUNCION, FIIDKIT) VALUES (0, 8, 1694, 16);
INSERT INTO RHEKT.TAFUNCIONESXNEGOCIO (FIPARCIAL, FINEGOCIO, FIIDFUNCION, FIIDKIT) VALUES (0, 8, 2011, 16);
INSERT INTO RHEKT.TAFUNCIONESXNEGOCIO (FIPARCIAL, FINEGOCIO, FIIDFUNCION, FIIDKIT) VALUES (0, 9, 1795, 17);
INSERT INTO RHEKT.TAFUNCIONESXNEGOCIO (FIPARCIAL, FINEGOCIO, FIIDFUNCION, FIIDKIT) VALUES (0, 9, 1948, 17);
INSERT INTO RHEKT.TAFUNCIONESXNEGOCIO (FIPARCIAL, FINEGOCIO, FIIDFUNCION, FIIDKIT) VALUES (0, 9, 1990, 17);
INSERT INTO RHEKT.TAFUNCIONESXNEGOCIO (FIPARCIAL, FINEGOCIO, FIIDFUNCION, FIIDKIT) VALUES (0, 10, 276, 18);
INSERT INTO RHEKT.TAFUNCIONESXNEGOCIO (FIPARCIAL, FINEGOCIO, FIIDFUNCION, FIIDKIT) VALUES (0, 10, 279, 18);
INSERT INTO RHEKT.TAFUNCIONESXNEGOCIO (FIPARCIAL, FINEGOCIO, FIIDFUNCION, FIIDKIT) VALUES (0, 10, 1763, 18);
INSERT INTO RHEKT.TAFUNCIONESXNEGOCIO (FIPARCIAL, FINEGOCIO, FIIDFUNCION, FIIDKIT) VALUES (0, 11, 1768, 19);
INSERT INTO RHEKT.TAFUNCIONESXNEGOCIO (FIPARCIAL, FINEGOCIO, FIIDFUNCION, FIIDKIT) VALUES (0, 12, 1781, 20);
INSERT INTO RHEKT.TAFUNCIONESXNEGOCIO (FIPARCIAL, FINEGOCIO, FIIDFUNCION, FIIDKIT) VALUES (0, 12, 1991, 20);
INSERT INTO RHEKT.TAFUNCIONESXNEGOCIO (FIPARCIAL, FINEGOCIO, FIIDFUNCION, FIIDKIT) VALUES (0, 13, 1569, 21);
INSERT INTO RHEKT.TAFUNCIONESXNEGOCIO (FIPARCIAL, FINEGOCIO, FIIDFUNCION, FIIDKIT) VALUES (0, 14, 1565, 1);
INSERT INTO RHEKT.TAFUNCIONESXNEGOCIO (FIPARCIAL, FINEGOCIO, FIIDFUNCION, FIIDKIT) VALUES (0, 15, 1634, 22);
INSERT INTO RHEKT.TAFUNCIONESXNEGOCIO (FIPARCIAL, FINEGOCIO, FIIDFUNCION, FIIDKIT) VALUES (0, 15, 1636, 22);
INSERT INTO RHEKT.TAFUNCIONESXNEGOCIO (FIPARCIAL, FINEGOCIO, FIIDFUNCION, FIIDKIT) VALUES (0, 15, 1637, 22);
INSERT INTO RHEKT.TAFUNCIONESXNEGOCIO (FIPARCIAL, FINEGOCIO, FIIDFUNCION, FIIDKIT) VALUES (0, 15, 1638, 22);
INSERT INTO RHEKT.TAFUNCIONESXNEGOCIO (FIPARCIAL, FINEGOCIO, FIIDFUNCION, FIIDKIT) VALUES (0, 15, 1644, 22);
INSERT INTO RHEKT.TAFUNCIONESXNEGOCIO (FIPARCIAL, FINEGOCIO, FIIDFUNCION, FIIDKIT) VALUES (0, 15, 1986, 22);
INSERT INTO RHEKT.TAFUNCIONESXNEGOCIO (FIPARCIAL, FINEGOCIO, FIIDFUNCION, FIIDKIT) VALUES (0, 15, 1995, 22);
INSERT INTO RHEKT.TAFUNCIONESXNEGOCIO (FIPARCIAL, FINEGOCIO, FIIDFUNCION, FIIDKIT) VALUES (0, 15, 2036, 22);
INSERT INTO RHEKT.TAFUNCIONESXNEGOCIO (FIPARCIAL, FINEGOCIO, FIIDFUNCION, FIIDKIT) VALUES (0, 15, 2045, 22);
INSERT INTO RHEKT.TAFUNCIONESXNEGOCIO (FIPARCIAL, FINEGOCIO, FIIDFUNCION, FIIDKIT) VALUES (0, 15, 8011, 22);
INSERT INTO RHEKT.TAFUNCIONESXNEGOCIO (FIPARCIAL, FINEGOCIO, FIIDFUNCION, FIIDKIT) VALUES (0, 16, 8037, 23);
INSERT INTO RHEKT.TAFUNCIONESXNEGOCIO (FIPARCIAL, FINEGOCIO, FIIDFUNCION, FIIDKIT) VALUES (0, 16, 8072, 23);
INSERT INTO RHEKT.TAFUNCIONESXNEGOCIO (FIPARCIAL, FINEGOCIO, FIIDFUNCION, FIIDKIT) VALUES (0, 17, 1785, 24);
Commit;